hour,price,charge_mw,discharge_mw,soc_mwh,ts,actual_price,predicted_price,forecast_error,daily_profit
0,57.21,0.0,12.6,36.0,2024-01-02 00:00:00,54.17,57.21,-3.039999999999999,4935.512
1,25.76,20.0,0.0,54.0,2024-01-02 01:00:00,48.26,25.76,22.499999999999996,0.0
2,29.52,20.0,0.0,72.0,2024-01-02 02:00:00,35.15,29.52,5.629999999999999,0.0
3,51.47,0.0,0.0,72.0,2024-01-02 03:00:00,30.59,51.47,-20.88,0.0
4,21.08,20.0,0.0,90.0,2024-01-02 04:00:00,52.65,21.08,31.57,0.0
5,60.93,0.0,0.0,90.0,2024-01-02 05:00:00,54.24,60.93,-6.689999999999998,0.0
6,61.41,0.0,0.0,90.0,2024-01-02 06:00:00,33.72,61.41,-27.689999999999998,0.0
7,67.81,0.0,0.0,90.0,2024-01-02 07:00:00,46.97,67.81,-20.840000000000003,0.0
8,53.52,0.0,0.0,90.0,2024-01-02 08:00:00,25.59,53.52,-27.930000000000003,0.0
9,64.83,0.0,0.0,90.0,2024-01-02 09:00:00,42.94,64.83,-21.89,0.0
10,52.02,0.0,0.0,90.0,2024-01-02 10:00:00,62.48,52.02,10.459999999999994,0.0
11,61.21,0.0,0.0,90.0,2024-01-02 11:00:00,53.64,61.21,-7.57,0.0
12,70.68,0.0,0.0,90.0,2024-01-02 12:00:00,57.74,70.68,-12.940000000000005,0.0
13,61.79,0.0,0.0,90.0,2024-01-02 13:00:00,87.73,61.79,25.940000000000005,0.0
14,78.05,0.0,0.0,90.0,2024-01-02 14:00:00,88.09,78.05,10.040000000000006,0.0
15,70.99,0.0,0.0,90.0,2024-01-02 15:00:00,73.8,70.99,2.8100000000000023,0.0
16,90.98,0.0,3.0,86.666667,2024-01-02 16:00:00,101.59,90.98,10.61,0.0
17,120.3,0.0,20.0,64.444444,2024-01-02 17:00:00,113.06,120.3,-7.239999999999995,0.0
18,96.75,0.0,20.0,42.222222,2024-01-02 18:00:00,120.71,96.75,23.959999999999994,0.0
19,105.26,0.0,20.0,20.0,2024-01-02 19:00:00,113.26,105.26,8.0,0.0
20,82.28,0.0,0.0,20.0,2024-01-02 20:00:00,111.06,82.28,28.78,0.0
21,71.84,0.0,0.0,20.0,2024-01-02 21:00:00,88.92,71.84,17.08,0.0
22,71.66,0.0,0.0,20.0,2024-01-02 22:00:00,48.19,71.66,-23.47,0.0
23,47.83,0.0,0.0,20.0,2024-01-02 23:00:00,51.14,47.83,3.3100000000000023,0.0
0,54.17,0.0,8.8,40.222222,2024-01-03 00:00:00,35.67,54.17,-18.5,3798.0659999999993
1,48.26,0.0,0.0,40.222222,2024-01-03 01:00:00,52.3,48.26,4.039999999999999,0.0
2,35.15,20.0,0.0,58.222222,2024-01-03 02:00:00,37.25,35.15,2.1000000000000014,0.0
3,30.59,20.0,0.0,76.222222,2024-01-03 03:00:00,34.64,30.59,4.050000000000001,0.0
4,52.65,0.0,0.0,76.222222,2024-01-03 04:00:00,56.83,52.65,4.18,0.0
5,54.24,0.0,20.0,54.0,2024-01-03 05:00:00,52.78,54.24,-1.4600000000000009,0.0
6,33.72,20.0,0.0,72.0,2024-01-03 06:00:00,81.88,33.72,48.16,0.0
7,46.97,0.0,0.0,72.0,2024-01-03 07:00:00,44.13,46.97,-2.8399999999999963,0.0
8,25.59,20.0,0.0,90.0,2024-01-03 08:00:00,50.46,25.59,24.87,0.0
9,42.94,0.0,0.0,90.0,2024-01-03 09:00:00,73.66,42.94,30.72,0.0
10,62.48,0.0,0.0,90.0,2024-01-03 10:00:00,50.25,62.48,-12.229999999999997,0.0
11,53.64,0.0,0.0,90.0,2024-01-03 11:00:00,82.94,53.64,29.299999999999997,0.0
12,57.74,0.0,0.0,90.0,2024-01-03 12:00:00,59.35,57.74,1.6099999999999994,0.0
13,87.73,0.0,0.0,90.0,2024-01-03 13:00:00,80.14,87.73,-7.590000000000003,0.0
14,88.09,0.0,0.0,90.0,2024-01-03 14:00:00,53.3,88.09,-34.790000000000006,0.0
15,73.8,0.0,0.0,90.0,2024-01-03 15:00:00,80.97,73.8,7.170000000000002,0.0
16,101.59,0.0,0.0,90.0,2024-01-03 16:00:00,77.19,101.59,-24.400000000000006,0.0
17,113.06,0.0,20.0,67.777778,2024-01-03 17:00:00,125.06,113.06,12.0,0.0
18,120.71,0.0,20.0,45.555556,2024-01-03 18:00:00,100.26,120.71,-20.44999999999999,0.0
19,113.26,0.0,20.0,23.333333,2024-01-03 19:00:00,101.92,113.26,-11.340000000000003,0.0
20,111.06,0.0,3.0,20.0,2024-01-03 20:00:00,103.99,111.06,-7.070000000000007,0.0
21,88.92,0.0,0.0,20.0,2024-01-03 21:00:00,70.11,88.92,-18.810000000000002,0.0
22,48.19,0.0,0.0,20.0,2024-01-03 22:00:00,73.04,48.19,24.85000000000001,0.0
23,51.14,0.0,0.0,20.0,2024-01-03 23:00:00,46.04,51.14,-5.100000000000001,0.0
0,35.67,20.0,0.0,68.0,2024-01-04 00:00:00,32.21,35.67,-3.460000000000001,3589.1591372000003
1,52.3,0.0,12.6,54.0,2024-01-04 01:00:00,39.01,52.3,-13.29,0.0
2,37.25,20.0,0.0,72.0,2024-01-04 02:00:00,21.67,37.25,-15.579999999999998,0.0
3,34.64,20.0,0.0,90.0,2024-01-04 03:00:00,41.0,34.64,6.359999999999999,0.0
4,56.83,0.0,0.0,90.0,2024-01-04 04:00:00,55.28,56.83,-1.5499999999999972,0.0
5,52.78,0.0,0.0,90.0,2024-01-04 05:00:00,53.62,52.78,0.8399999999999963,0.0
6,81.88,0.0,20.0,67.777778,2024-01-04 06:00:00,58.08,81.88,-23.799999999999997,0.0
7,44.13,20.0,0.0,85.777778,2024-01-04 07:00:00,27.34,44.13,-16.790000000000003,0.0
8,50.46,4.691358,0.0,90.0,2024-01-04 08:00:00,54.6,50.46,4.140000000000001,0.0
9,73.66,0.0,16.2,72.0,2024-01-04 09:00:00,57.06,73.66,-16.599999999999994,0.0
10,50.25,20.0,0.0,90.0,2024-01-04 10:00:00,78.46,50.25,28.209999999999994,0.0
11,82.94,0.0,20.0,67.777778,2024-01-04 11:00:00,53.2,82.94,-29.739999999999995,0.0
12,59.35,20.0,0.0,85.777778,2024-01-04 12:00:00,39.45,59.35,-19.9,0.0
13,80.14,0.0,12.4,72.0,2024-01-04 13:00:00,60.38,80.14,-19.759999999999998,0.0
14,53.3,20.0,0.0,90.0,2024-01-04 14:00:00,70.41,53.3,17.11,0.0
15,80.97,0.0,0.0,90.0,2024-01-04 15:00:00,51.61,80.97,-29.36,0.0
16,77.19,0.0,0.0,90.0,2024-01-04 16:00:00,99.59,77.19,22.400000000000006,0.0
17,125.06,0.0,20.0,67.777778,2024-01-04 17:00:00,83.88,125.06,-41.18000000000001,0.0
18,100.26,0.0,3.0,64.444444,2024-01-04 18:00:00,116.56,100.26,16.299999999999997,0.0
19,101.92,0.0,20.0,42.222222,2024-01-04 19:00:00,96.19,101.92,-5.730000000000004,0.0
20,103.99,0.0,20.0,20.0,2024-01-04 20:00:00,114.63,103.99,10.64,0.0
21,70.11,0.0,0.0,20.0,2024-01-04 21:00:00,78.96,70.11,8.849999999999994,0.0
22,73.04,0.0,0.0,20.0,2024-01-04 22:00:00,59.0,73.04,-14.040000000000006,0.0
23,46.04,0.0,0.0,20.0,2024-01-04 23:00:00,59.63,46.04,13.590000000000003,0.0
0,32.21,20.0,0.0,68.0,2024-01-05 00:00:00,27.89,32.21,-4.32,3621.312299552001
1,39.01,4.4444444,0.0,72.0,2024-01-05 01:00:00,47.17,39.01,8.160000000000004,0.0
2,21.67,20.0,0.0,90.0,2024-01-05 02:00:00,32.34,21.67,10.670000000000002,0.0
3,41.0,0.0,0.0,90.0,2024-01-05 03:00:00,30.29,41.0,-10.71,0.0
4,55.28,0.0,0.0,90.0,2024-01-05 04:00:00,40.48,55.28,-14.800000000000004,0.0
5,53.62,0.0,0.0,90.0,2024-01-05 05:00:00,34.07,53.62,-19.549999999999997,0.0
6,58.08,0.0,16.2,72.0,2024-01-05 06:00:00,49.77,58.08,-8.309999999999995,0.0
7,27.34,20.0,0.0,90.0,2024-01-05 07:00:00,57.55,27.34,30.209999999999997,0.0
8,54.6,0.0,0.0,90.0,2024-01-05 08:00:00,26.32,54.6,-28.28,0.0
9,57.06,0.0,0.0,90.0,2024-01-05 09:00:00,71.94,57.06,14.879999999999995,0.0
10,78.46,0.0,20.0,67.777778,2024-01-05 10:00:00,74.35,78.46,-4.109999999999999,0.0
11,53.2,4.691358,0.0,72.0,2024-01-05 11:00:00,41.35,53.2,-11.850000000000001,0.0
12,39.45,20.0,0.0,90.0,2024-01-05 12:00:00,42.39,39.45,2.9399999999999977,0.0
13,60.38,0.0,0.0,90.0,2024-01-05 13:00:00,84.19,60.38,23.809999999999995,0.0
14,70.41,0.0,16.2,72.0,2024-01-05 14:00:00,80.41,70.41,10.0,0.0
15,51.61,20.0,0.0,90.0,2024-01-05 15:00:00,87.62,51.61,36.010000000000005,0.0
16,99.59,0.0,20.0,67.777778,2024-01-05 16:00:00,71.68,99.59,-27.909999999999997,0.0
17,83.88,0.0,0.0,67.777778,2024-01-05 17:00:00,122.38,83.88,38.5,0.0
18,116.56,0.0,20.0,45.555556,2024-01-05 18:00:00,102.18,116.56,-14.379999999999995,0.0
19,96.19,0.0,3.0,42.222222,2024-01-05 19:00:00,110.1,96.19,13.909999999999997,0.0
20,114.63,0.0,20.0,20.0,2024-01-05 20:00:00,101.32,114.63,-13.310000000000002,0.0
21,78.96,0.0,0.0,20.0,2024-01-05 21:00:00,101.39,78.96,22.430000000000007,0.0
22,59.0,0.0,0.0,20.0,2024-01-05 22:00:00,67.69,59.0,8.689999999999998,0.0
23,59.63,0.0,0.0,20.0,2024-01-05 23:00:00,55.54,59.63,-4.090000000000003,0.0
0,27.89,20.0,0.0,68.0,2024-01-06 00:00:00,30.48,27.89,2.59,4284.297998700001
1,47.17,0.0,20.0,45.777778,2024-01-06 01:00:00,8.99,47.17,-38.18,0.0
2,32.34,20.0,0.0,63.777778,2024-01-06 02:00:00,-2.48,32.34,-34.82,0.0
3,30.29,20.0,0.0,81.777778,2024-01-06 03:00:00,24.58,30.29,-5.710000000000001,0.0
4,40.48,0.0,0.0,81.777778,2024-01-06 04:00:00,13.74,40.48,-26.739999999999995,0.0
5,34.07,9.1358025,0.0,90.0,2024-01-06 05:00:00,40.12,34.07,6.049999999999997,0.0
6,49.77,0.0,0.0,90.0,2024-01-06 06:00:00,43.34,49.77,-6.43,0.0
7,57.55,0.0,16.2,72.0,2024-01-06 07:00:00,40.95,57.55,-16.599999999999994,0.0
8,26.32,20.0,0.0,90.0,2024-01-06 08:00:00,30.62,26.32,4.300000000000001,0.0
9,71.94,0.0,12.4,76.222222,2024-01-06 09:00:00,57.62,71.94,-14.32,0.0
10,74.35,0.0,20.0,54.0,2024-01-06 10:00:00,51.13,74.35,-23.21999999999999,0.0
11,41.35,20.0,0.0,72.0,2024-01-06 11:00:00,39.8,41.35,-1.5500000000000043,0.0
12,42.39,20.0,0.0,90.0,2024-01-06 12:00:00,80.27,42.39,37.879999999999995,0.0
13,84.19,0.0,0.0,90.0,2024-01-06 13:00:00,56.45,84.19,-27.739999999999995,0.0
14,80.41,0.0,0.0,90.0,2024-01-06 14:00:00,47.89,80.41,-32.519999999999996,0.0
15,87.62,0.0,0.0,90.0,2024-01-06 15:00:00,60.7,87.62,-26.92,0.0
16,71.68,0.0,0.0,90.0,2024-01-06 16:00:00,57.16,71.68,-14.52000000000001,0.0
17,122.38,0.0,20.0,67.777778,2024-01-06 17:00:00,104.53,122.38,-17.849999999999994,0.0
18,102.18,0.0,20.0,45.555556,2024-01-06 18:00:00,109.06,102.18,6.8799999999999955,0.0
19,110.1,0.0,20.0,23.333333,2024-01-06 19:00:00,106.87,110.1,-3.2299999999999898,0.0
20,101.32,0.0,0.0,23.333333,2024-01-06 20:00:00,89.89,101.32,-11.429999999999993,0.0
21,101.39,0.0,3.0,20.0,2024-01-06 21:00:00,82.74,101.39,-18.650000000000006,0.0
22,67.69,0.0,0.0,20.0,2024-01-06 22:00:00,47.92,67.69,-19.769999999999996,0.0
23,55.54,0.0,0.0,20.0,2024-01-06 23:00:00,45.36,55.54,-10.18,0.0
0,30.48,0.0,12.6,36.0,2024-01-07 00:00:00,23.18,30.48,-7.300000000000001,3134.6731865200018
1,8.99,20.0,0.0,54.0,2024-01-07 01:00:00,26.98,8.99,17.990000000000002,0.0
2,-2.48,20.0,0.0,72.0,2024-01-07 02:00:00,28.89,-2.48,31.37,0.0
3,24.58,0.0,0.0,72.0,2024-01-07 03:00:00,-10.35,24.58,-34.93,0.0
4,13.74,20.0,0.0,90.0,2024-01-07 04:00:00,21.21,13.74,7.470000000000001,0.0
5,40.12,0.0,0.0,90.0,2024-01-07 05:00:00,37.93,40.12,-2.1899999999999977,0.0
6,43.34,0.0,16.2,72.0,2024-01-07 06:00:00,38.01,43.34,-5.330000000000005,0.0
7,40.95,0.0,0.0,72.0,2024-01-07 07:00:00,37.67,40.95,-3.280000000000001,0.0
8,30.62,20.0,0.0,90.0,2024-01-07 08:00:00,52.04,30.62,21.419999999999998,0.0
9,57.62,0.0,16.2,72.0,2024-01-07 09:00:00,38.34,57.62,-19.279999999999994,0.0
10,51.13,0.0,0.0,72.0,2024-01-07 10:00:00,-16.37,51.13,-67.5,0.0
11,39.8,20.0,0.0,90.0,2024-01-07 11:00:00,69.16,39.8,29.36,0.0
12,80.27,0.0,20.0,67.777778,2024-01-07 12:00:00,70.13,80.27,-10.14,0.0
13,56.45,4.691358,0.0,72.0,2024-01-07 13:00:00,52.06,56.45,-4.390000000000001,0.0
14,47.89,20.0,0.0,90.0,2024-01-07 14:00:00,58.78,47.89,10.89,0.0
15,60.7,0.0,0.0,90.0,2024-01-07 15:00:00,77.14,60.7,16.439999999999998,0.0
16,57.16,0.0,0.0,90.0,2024-01-07 16:00:00,74.22,57.16,17.060000000000002,0.0
17,104.53,0.0,20.0,67.777778,2024-01-07 17:00:00,93.41,104.53,-11.120000000000005,0.0
18,109.06,0.0,20.0,45.555556,2024-01-07 18:00:00,103.7,109.06,-5.359999999999999,0.0
19,106.87,0.0,20.0,23.333333,2024-01-07 19:00:00,93.84,106.87,-13.030000000000001,0.0
20,89.89,0.0,3.0,20.0,2024-01-07 20:00:00,91.65,89.89,1.7600000000000051,0.0
21,82.74,0.0,0.0,20.0,2024-01-07 21:00:00,55.5,82.74,-27.239999999999995,0.0
22,47.92,0.0,0.0,20.0,2024-01-07 22:00:00,53.61,47.92,5.689999999999998,0.0
23,45.36,0.0,0.0,20.0,2024-01-07 23:00:00,37.66,45.36,-7.700000000000003,0.0
0,23.18,4.4444444,0.0,54.0,2024-01-08 00:00:00,34.52,23.18,11.340000000000003,4121.442102391999
1,26.98,0.0,0.0,54.0,2024-01-08 01:00:00,25.42,26.98,-1.5599999999999987,0.0
2,28.89,0.0,0.0,54.0,2024-01-08 02:00:00,40.09,28.89,11.200000000000003,0.0
3,-10.35,20.0,0.0,72.0,2024-01-08 03:00:00,38.88,-10.35,49.230000000000004,0.0
4,21.21,20.0,0.0,90.0,2024-01-08 04:00:00,30.41,21.21,9.2,0.0
5,37.93,0.0,0.0,90.0,2024-01-08 05:00:00,28.25,37.93,-9.68,0.0
6,38.01,0.0,0.0,90.0,2024-01-08 06:00:00,32.93,38.01,-5.079999999999998,0.0
7,37.67,0.0,0.0,90.0,2024-01-08 07:00:00,50.17,37.67,12.5,0.0
8,52.04,0.0,20.0,67.777778,2024-01-08 08:00:00,61.74,52.04,9.700000000000003,0.0
9,38.34,4.691358,0.0,72.0,2024-01-08 09:00:00,79.14,38.34,40.8,0.0
10,-16.37,20.0,0.0,90.0,2024-01-08 10:00:00,62.64,-16.37,79.01,0.0
11,69.16,0.0,0.0,90.0,2024-01-08 11:00:00,50.99,69.16,-18.169999999999995,0.0
12,70.13,0.0,16.2,72.0,2024-01-08 12:00:00,66.15,70.13,-3.9799999999999898,0.0
13,52.06,20.0,0.0,90.0,2024-01-08 13:00:00,82.69,52.06,30.629999999999995,0.0
14,58.78,0.0,0.0,90.0,2024-01-08 14:00:00,65.02,58.78,6.239999999999995,0.0
15,77.14,0.0,0.0,90.0,2024-01-08 15:00:00,92.9,77.14,15.760000000000005,0.0
16,74.22,0.0,0.0,90.0,2024-01-08 16:00:00,90.77,74.22,16.549999999999997,0.0
17,93.41,0.0,20.0,67.777778,2024-01-08 17:00:00,108.61,93.41,15.200000000000003,0.0
18,103.7,0.0,20.0,45.555556,2024-01-08 18:00:00,135.44,103.7,31.739999999999995,0.0
19,93.84,0.0,20.0,23.333333,2024-01-08 19:00:00,90.33,93.84,-3.510000000000005,0.0
20,91.65,0.0,3.0,20.0,2024-01-08 20:00:00,107.06,91.65,15.409999999999997,0.0
21,55.5,0.0,0.0,20.0,2024-01-08 21:00:00,75.5,55.5,20.0,0.0
22,53.61,0.0,0.0,20.0,2024-01-08 22:00:00,50.83,53.61,-2.780000000000001,0.0
23,37.66,0.0,0.0,20.0,2024-01-08 23:00:00,48.96,37.66,11.300000000000004,0.0
0,34.52,0.0,0.0,50.0,2024-01-09 00:00:00,59.06,34.52,24.54,3965.910446748
1,25.42,20.0,0.0,68.0,2024-01-09 01:00:00,53.78,25.42,28.36,0.0
2,40.09,0.0,0.0,68.0,2024-01-09 02:00:00,15.12,40.09,-24.970000000000006,0.0
3,38.88,0.0,0.0,68.0,2024-01-09 03:00:00,32.51,38.88,-6.3700000000000045,0.0
4,30.41,4.4444444,0.0,72.0,2024-01-09 04:00:00,49.83,30.41,19.419999999999998,0.0
5,28.25,20.0,0.0,90.0,2024-01-09 05:00:00,46.0,28.25,17.75,0.0
6,32.93,0.0,0.0,90.0,2024-01-09 06:00:00,54.03,32.93,21.1,0.0
7,50.17,0.0,0.0,90.0,2024-01-09 07:00:00,36.46,50.17,-13.71,0.0
8,61.74,0.0,0.0,90.0,2024-01-09 08:00:00,45.29,61.74,-16.450000000000003,0.0
9,79.14,0.0,16.2,72.0,2024-01-09 09:00:00,44.93,79.14,-34.21,0.0
10,62.64,0.0,0.0,72.0,2024-01-09 10:00:00,39.63,62.64,-23.009999999999998,0.0
11,50.99,20.0,0.0,90.0,2024-01-09 11:00:00,55.85,50.99,4.859999999999999,0.0
12,66.15,0.0,0.0,90.0,2024-01-09 12:00:00,53.64,66.15,-12.510000000000005,0.0
13,82.69,0.0,0.0,90.0,2024-01-09 13:00:00,60.85,82.69,-21.839999999999996,0.0
14,65.02,0.0,0.0,90.0,2024-01-09 14:00:00,65.33,65.02,0.3100000000000023,0.0
15,92.9,0.0,3.0,86.666667,2024-01-09 15:00:00,93.6,92.9,0.6999999999999886,0.0
16,90.77,0.0,0.0,86.666667,2024-01-09 16:00:00,-29.52,90.77,-120.28999999999999,0.0
17,108.61,0.0,20.0,64.444444,2024-01-09 17:00:00,118.96,108.61,10.349999999999994,0.0
18,135.44,0.0,20.0,42.222222,2024-01-09 18:00:00,106.44,135.44,-29.0,0.0
19,90.33,0.0,0.0,42.222222,2024-01-09 19:00:00,117.77,90.33,27.439999999999998,0.0
20,107.06,0.0,20.0,20.0,2024-01-09 20:00:00,103.53,107.06,-3.530000000000001,0.0
21,75.5,0.0,0.0,20.0,2024-01-09 21:00:00,70.04,75.5,-5.459999999999994,0.0
22,50.83,0.0,0.0,20.0,2024-01-09 22:00:00,61.92,50.83,11.090000000000003,0.0
23,48.96,0.0,0.0,20.0,2024-01-09 23:00:00,45.47,48.96,-3.490000000000002,0.0
0,59.06,0.0,20.0,27.777778,2024-01-10 00:00:00,46.72,59.06,-12.340000000000003,4554.916000000001
1,53.78,0.0,0.0,27.777778,2024-01-10 01:00:00,246.25,53.78,192.47,0.0
2,15.12,20.0,0.0,45.777778,2024-01-10 02:00:00,28.47,15.12,13.35,0.0
3,32.51,20.0,0.0,63.777778,2024-01-10 03:00:00,39.13,32.51,6.6200000000000045,0.0
4,49.83,0.0,0.0,63.777778,2024-01-10 04:00:00,47.34,49.83,-2.489999999999995,0.0
5,46.0,0.0,0.0,63.777778,2024-01-10 05:00:00,69.53,46.0,23.53,0.0
6,54.03,0.0,8.8,54.0,2024-01-10 06:00:00,53.51,54.03,-0.5200000000000031,0.0
7,36.46,20.0,0.0,72.0,2024-01-10 07:00:00,53.16,36.46,16.699999999999996,0.0
8,45.29,0.0,0.0,72.0,2024-01-10 08:00:00,63.75,45.29,18.46,0.0
9,44.93,0.0,0.0,72.0,2024-01-10 09:00:00,47.98,44.93,3.049999999999997,0.0
10,39.63,20.0,0.0,90.0,2024-01-10 10:00:00,38.33,39.63,-1.3000000000000043,0.0
11,55.85,0.0,0.0,90.0,2024-01-10 11:00:00,60.92,55.85,5.07,0.0
12,53.64,0.0,0.0,90.0,2024-01-10 12:00:00,83.91,53.64,30.269999999999996,0.0
13,60.85,0.0,0.0,90.0,2024-01-10 13:00:00,87.16,60.85,26.309999999999995,0.0
14,65.33,0.0,0.0,90.0,2024-01-10 14:00:00,54.68,65.33,-10.649999999999999,0.0
15,93.6,0.0,16.2,72.0,2024-01-10 15:00:00,87.59,93.6,-6.009999999999991,0.0
16,-29.52,20.0,0.0,90.0,2024-01-10 16:00:00,62.31,-29.52,91.83,0.0
17,118.96,0.0,20.0,67.777778,2024-01-10 17:00:00,105.9,118.96,-13.059999999999988,0.0
18,106.44,0.0,20.0,45.555556,2024-01-10 18:00:00,117.53,106.44,11.090000000000003,0.0
19,117.77,0.0,20.0,23.333333,2024-01-10 19:00:00,89.06,117.77,-28.709999999999994,0.0
20,103.53,0.0,3.0,20.0,2024-01-10 20:00:00,108.29,103.53,4.760000000000005,0.0
21,70.04,0.0,0.0,20.0,2024-01-10 21:00:00,103.12,70.04,33.08,0.0
22,61.92,0.0,0.0,20.0,2024-01-10 22:00:00,64.95,61.92,3.030000000000001,0.0
23,45.47,0.0,0.0,20.0,2024-01-10 23:00:00,51.46,45.47,5.990000000000002,0.0
0,46.72,20.0,0.0,68.0,2024-01-11 00:00:00,60.12,46.72,13.399999999999999,3285.814541749999
1,246.25,0.0,20.0,45.777778,2024-01-11 01:00:00,26.2,246.25,-220.05,0.0
2,28.47,20.0,0.0,63.777778,2024-01-11 02:00:00,26.25,28.47,-2.219999999999999,0.0
3,39.13,20.0,0.0,81.777778,2024-01-11 03:00:00,30.8,39.13,-8.330000000000002,0.0
4,47.34,9.1358025,0.0,90.0,2024-01-11 04:00:00,45.3,47.34,-2.0400000000000063,0.0
5,69.53,0.0,20.0,67.777778,2024-01-11 05:00:00,51.09,69.53,-18.439999999999998,0.0
6,53.51,0.0,0.0,67.777778,2024-01-11 06:00:00,47.38,53.51,-6.1299999999999955,0.0
7,53.16,0.0,0.0,67.777778,2024-01-11 07:00:00,50.03,53.16,-3.1299999999999955,0.0
8,63.75,0.0,12.4,54.0,2024-01-11 08:00:00,53.2,63.75,-10.549999999999997,0.0
9,47.98,20.0,0.0,72.0,2024-01-11 09:00:00,54.79,47.98,6.810000000000002,0.0
10,38.33,20.0,0.0,90.0,2024-01-11 10:00:00,48.81,38.33,10.480000000000004,0.0
11,60.92,0.0,0.0,90.0,2024-01-11 11:00:00,60.89,60.92,-0.030000000000001137,0.0
12,83.91,0.0,0.0,90.0,2024-01-11 12:00:00,48.12,83.91,-35.79,0.0
13,87.16,0.0,16.2,72.0,2024-01-11 13:00:00,67.06,87.16,-20.099999999999994,0.0
14,54.68,20.0,0.0,90.0,2024-01-11 14:00:00,51.55,54.68,-3.1300000000000026,0.0
15,87.59,0.0,16.2,72.0,2024-01-11 15:00:00,91.38,87.59,3.789999999999992,0.0
16,62.31,20.0,0.0,90.0,2024-01-11 16:00:00,82.04,62.31,19.730000000000004,0.0
17,105.9,0.0,20.0,67.777778,2024-01-11 17:00:00,98.98,105.9,-6.920000000000002,0.0
18,117.53,0.0,20.0,45.555556,2024-01-11 18:00:00,107.49,117.53,-10.040000000000006,0.0
19,89.06,0.0,0.0,45.555556,2024-01-11 19:00:00,106.68,89.06,17.620000000000005,0.0
20,108.29,0.0,20.0,23.333333,2024-01-11 20:00:00,113.95,108.29,5.659999999999997,0.0
21,103.12,0.0,3.0,20.0,2024-01-11 21:00:00,66.71,103.12,-36.41000000000001,0.0
22,64.95,0.0,0.0,20.0,2024-01-11 22:00:00,42.47,64.95,-22.480000000000004,0.0
23,51.46,0.0,0.0,20.0,2024-01-11 23:00:00,54.14,51.46,2.6799999999999997,0.0
0,60.12,0.0,12.6,36.0,2024-01-12 00:00:00,36.71,60.12,-23.409999999999997,5020.506
1,26.2,20.0,0.0,54.0,2024-01-12 01:00:00,43.43,26.2,17.23,0.0
2,26.25,20.0,0.0,72.0,2024-01-12 02:00:00,48.48,26.25,22.229999999999997,0.0
3,30.8,20.0,0.0,90.0,2024-01-12 03:00:00,25.02,30.8,-5.780000000000001,0.0
4,45.3,0.0,0.0,90.0,2024-01-12 04:00:00,51.87,45.3,6.57,0.0
5,51.09,0.0,0.0,90.0,2024-01-12 05:00:00,35.44,51.09,-15.650000000000006,0.0
6,47.38,0.0,0.0,90.0,2024-01-12 06:00:00,55.0,47.38,7.619999999999997,0.0
7,50.03,0.0,0.0,90.0,2024-01-12 07:00:00,38.93,50.03,-11.100000000000001,0.0
8,53.2,0.0,0.0,90.0,2024-01-12 08:00:00,60.95,53.2,7.75,0.0
9,54.79,0.0,0.0,90.0,2024-01-12 09:00:00,61.95,54.79,7.160000000000004,0.0
10,48.81,0.0,0.0,90.0,2024-01-12 10:00:00,48.53,48.81,-0.28000000000000114,0.0
11,60.89,0.0,0.0,90.0,2024-01-12 11:00:00,53.72,60.89,-7.170000000000002,0.0
12,48.12,0.0,0.0,90.0,2024-01-12 12:00:00,79.42,48.12,31.300000000000004,0.0
13,67.06,0.0,0.0,90.0,2024-01-12 13:00:00,71.68,67.06,4.6200000000000045,0.0
14,51.55,0.0,0.0,90.0,2024-01-12 14:00:00,91.27,51.55,39.72,0.0
15,91.38,0.0,0.0,90.0,2024-01-12 15:00:00,76.83,91.38,-14.549999999999997,0.0
16,82.04,0.0,0.0,90.0,2024-01-12 16:00:00,104.25,82.04,22.209999999999994,0.0
17,98.98,0.0,3.0,86.666667,2024-01-12 17:00:00,89.52,98.98,-9.460000000000008,0.0
18,107.49,0.0,20.0,64.444444,2024-01-12 18:00:00,131.46,107.49,23.970000000000013,0.0
19,106.68,0.0,20.0,42.222222,2024-01-12 19:00:00,109.81,106.68,3.1299999999999955,0.0
20,113.95,0.0,20.0,20.0,2024-01-12 20:00:00,103.69,113.95,-10.260000000000005,0.0
21,66.71,0.0,0.0,20.0,2024-01-12 21:00:00,68.51,66.71,1.8000000000000114,0.0
22,42.47,0.0,0.0,20.0,2024-01-12 22:00:00,75.9,42.47,33.43000000000001,0.0
23,54.14,0.0,0.0,20.0,2024-01-12 23:00:00,62.23,54.14,8.089999999999996,0.0
0,36.71,20.0,0.0,68.0,2024-01-13 00:00:00,27.8,36.71,-8.91,5203.972
1,43.43,0.0,0.0,68.0,2024-01-13 01:00:00,5.27,43.43,-38.16,0.0
2,48.48,0.0,0.0,68.0,2024-01-13 02:00:00,14.45,48.48,-34.03,0.0
3,25.02,20.0,0.0,86.0,2024-01-13 03:00:00,15.6,25.02,-9.42,0.0
4,51.87,0.0,12.6,72.0,2024-01-13 04:00:00,36.82,51.87,-15.049999999999997,0.0
5,35.44,20.0,0.0,90.0,2024-01-13 05:00:00,31.49,35.44,-3.9499999999999993,0.0
6,55.0,0.0,16.2,72.0,2024-01-13 06:00:00,35.95,55.0,-19.049999999999997,0.0
7,38.93,20.0,0.0,90.0,2024-01-13 07:00:00,36.88,38.93,-2.049999999999997,0.0
8,60.95,0.0,0.0,90.0,2024-01-13 08:00:00,64.01,60.95,3.0600000000000023,0.0
9,61.95,0.0,0.0,90.0,2024-01-13 09:00:00,50.27,61.95,-11.68,0.0
10,48.53,0.0,0.0,90.0,2024-01-13 10:00:00,55.87,48.53,7.339999999999996,0.0
11,53.72,0.0,0.0,90.0,2024-01-13 11:00:00,45.66,53.72,-8.060000000000002,0.0
12,79.42,0.0,0.0,90.0,2024-01-13 12:00:00,60.92,79.42,-18.5,0.0
13,71.68,0.0,0.0,90.0,2024-01-13 13:00:00,47.7,71.68,-23.980000000000004,0.0
14,91.27,0.0,0.0,90.0,2024-01-13 14:00:00,70.91,91.27,-20.36,0.0
15,76.83,0.0,0.0,90.0,2024-01-13 15:00:00,58.55,76.83,-18.28,0.0
16,104.25,0.0,20.0,67.777778,2024-01-13 16:00:00,87.39,104.25,-16.86,0.0
17,89.52,0.0,0.0,67.777778,2024-01-13 17:00:00,84.02,89.52,-5.5,0.0
18,131.46,0.0,20.0,45.555556,2024-01-13 18:00:00,113.85,131.46,-17.610000000000014,0.0
19,109.81,0.0,20.0,23.333333,2024-01-13 19:00:00,122.37,109.81,12.560000000000002,0.0
20,103.69,0.0,3.0,20.0,2024-01-13 20:00:00,88.15,103.69,-15.539999999999992,0.0
21,68.51,0.0,0.0,20.0,2024-01-13 21:00:00,87.2,68.51,18.689999999999998,0.0
22,75.9,0.0,0.0,20.0,2024-01-13 22:00:00,59.18,75.9,-16.720000000000006,0.0
23,62.23,0.0,0.0,20.0,2024-01-13 23:00:00,21.08,62.23,-41.15,0.0
0,27.8,0.0,12.6,36.0,2024-01-14 00:00:00,37.64,27.8,9.84,4315.6332605
1,5.27,20.0,0.0,54.0,2024-01-14 01:00:00,35.52,5.27,30.250000000000004,0.0
2,14.45,20.0,0.0,72.0,2024-01-14 02:00:00,35.98,14.45,21.529999999999998,0.0
3,15.6,20.0,0.0,90.0,2024-01-14 03:00:00,31.76,15.6,16.160000000000004,0.0
4,36.82,0.0,0.0,90.0,2024-01-14 04:00:00,37.1,36.82,0.28000000000000114,0.0
5,31.49,0.0,0.0,90.0,2024-01-14 05:00:00,37.95,31.49,6.460000000000004,0.0
6,35.95,0.0,0.0,90.0,2024-01-14 06:00:00,46.28,35.95,10.329999999999998,0.0
7,36.88,0.0,0.0,90.0,2024-01-14 07:00:00,30.6,36.88,-6.280000000000001,0.0
8,64.01,0.0,20.0,67.777778,2024-01-14 08:00:00,46.23,64.01,-17.78000000000001,0.0
9,50.27,0.0,0.0,67.777778,2024-01-14 09:00:00,32.75,50.27,-17.520000000000003,0.0
10,55.87,0.0,0.0,67.777778,2024-01-14 10:00:00,293.45,55.87,237.57999999999998,0.0
11,45.66,20.0,0.0,85.777778,2024-01-14 11:00:00,50.62,45.66,4.960000000000001,0.0
12,60.92,0.0,0.0,85.777778,2024-01-14 12:00:00,52.6,60.92,-8.32,0.0
13,47.7,4.691358,0.0,90.0,2024-01-14 13:00:00,48.25,47.7,0.5499999999999972,0.0
14,70.91,0.0,0.0,90.0,2024-01-14 14:00:00,71.18,70.91,0.27000000000001023,0.0
15,58.55,0.0,0.0,90.0,2024-01-14 15:00:00,67.5,58.55,8.950000000000003,0.0
16,87.39,0.0,3.0,86.666667,2024-01-14 16:00:00,73.17,87.39,-14.219999999999999,0.0
17,84.02,0.0,0.0,86.666667,2024-01-14 17:00:00,71.54,84.02,-12.47999999999999,0.0
18,113.85,0.0,20.0,64.444444,2024-01-14 18:00:00,101.76,113.85,-12.08999999999999,0.0
19,122.37,0.0,20.0,42.222222,2024-01-14 19:00:00,113.72,122.37,-8.650000000000006,0.0
20,88.15,0.0,20.0,20.0,2024-01-14 20:00:00,102.61,88.15,14.459999999999994,0.0
21,87.2,0.0,0.0,20.0,2024-01-14 21:00:00,74.07,87.2,-13.13000000000001,0.0
22,59.18,0.0,0.0,20.0,2024-01-14 22:00:00,54.12,59.18,-5.060000000000002,0.0
23,21.08,0.0,0.0,20.0,2024-01-14 23:00:00,49.8,21.08,28.72,0.0
0,37.64,0.0,0.0,50.0,2024-01-15 00:00:00,36.23,37.64,-1.4100000000000037,2843.571902739999
1,35.52,0.0,0.0,50.0,2024-01-15 01:00:00,38.93,35.52,3.4099999999999966,0.0
2,35.98,0.0,0.0,50.0,2024-01-15 02:00:00,33.13,35.98,-2.8499999999999943,0.0
3,31.76,20.0,0.0,68.0,2024-01-15 03:00:00,53.3,31.76,21.539999999999996,0.0
4,37.1,0.0,0.0,68.0,2024-01-15 04:00:00,54.59,37.1,17.490000000000002,0.0
5,37.95,0.0,0.0,68.0,2024-01-15 05:00:00,50.14,37.95,12.189999999999998,0.0
6,46.28,0.0,12.6,54.0,2024-01-15 06:00:00,76.99,46.28,30.709999999999994,0.0
7,30.6,20.0,0.0,72.0,2024-01-15 07:00:00,61.03,30.6,30.43,0.0
8,46.23,0.0,0.0,72.0,2024-01-15 08:00:00,67.8,46.23,21.57,0.0
9,32.75,20.0,0.0,90.0,2024-01-15 09:00:00,62.95,32.75,30.200000000000003,0.0
10,293.45,0.0,20.0,67.777778,2024-01-15 10:00:00,53.35,293.45,-240.1,0.0
11,50.62,4.691358,0.0,72.0,2024-01-15 11:00:00,58.97,50.62,8.350000000000001,0.0
12,52.6,0.0,0.0,72.0,2024-01-15 12:00:00,71.21,52.6,18.609999999999992,0.0
13,48.25,20.0,0.0,90.0,2024-01-15 13:00:00,73.26,48.25,25.010000000000005,0.0
14,71.18,0.0,0.0,90.0,2024-01-15 14:00:00,91.59,71.18,20.409999999999997,0.0
15,67.5,0.0,0.0,90.0,2024-01-15 15:00:00,77.43,67.5,9.930000000000007,0.0
16,73.17,0.0,0.0,90.0,2024-01-15 16:00:00,92.79,73.17,19.620000000000005,0.0
17,71.54,0.0,0.0,90.0,2024-01-15 17:00:00,103.01,71.54,31.47,0.0
18,101.76,0.0,20.0,67.777778,2024-01-15 18:00:00,116.6,101.76,14.83999999999999,0.0
19,113.72,0.0,20.0,45.555556,2024-01-15 19:00:00,112.17,113.72,-1.5499999999999972,0.0
20,102.61,0.0,20.0,23.333333,2024-01-15 20:00:00,85.36,102.61,-17.25,0.0
21,74.07,0.0,3.0,20.0,2024-01-15 21:00:00,57.31,74.07,-16.75999999999999,0.0
22,54.12,0.0,0.0,20.0,2024-01-15 22:00:00,57.79,54.12,3.6700000000000017,0.0
23,49.8,0.0,0.0,20.0,2024-01-15 23:00:00,49.07,49.8,-0.7299999999999969,0.0
0,36.23,20.0,0.0,68.0,2024-01-16 00:00:00,31.34,36.23,-4.889999999999997,3764.2562242640006
1,38.93,4.4444444,0.0,72.0,2024-01-16 01:00:00,43.94,38.93,5.009999999999998,0.0
2,33.13,20.0,0.0,90.0,2024-01-16 02:00:00,55.31,33.13,22.18,0.0
3,53.3,0.0,0.0,90.0,2024-01-16 03:00:00,53.03,53.3,-0.269999999999996,0.0
4,54.59,0.0,0.0,90.0,2024-01-16 04:00:00,52.08,54.59,-2.510000000000005,0.0
5,50.14,0.0,0.0,90.0,2024-01-16 05:00:00,61.44,50.14,11.299999999999997,0.0
6,76.99,0.0,16.2,72.0,2024-01-16 06:00:00,49.12,76.99,-27.869999999999997,0.0
7,61.03,0.0,0.0,72.0,2024-01-16 07:00:00,54.5,61.03,-6.530000000000001,0.0
8,67.8,0.0,0.0,72.0,2024-01-16 08:00:00,68.5,67.8,0.7000000000000028,0.0
9,62.95,0.0,0.0,72.0,2024-01-16 09:00:00,57.11,62.95,-5.840000000000003,0.0
10,53.35,20.0,0.0,90.0,2024-01-16 10:00:00,62.59,53.35,9.240000000000002,0.0
11,58.97,0.0,0.0,90.0,2024-01-16 11:00:00,90.68,58.97,31.710000000000008,0.0
12,71.21,0.0,0.0,90.0,2024-01-16 12:00:00,71.45,71.21,0.2400000000000091,0.0
13,73.26,0.0,0.0,90.0,2024-01-16 13:00:00,97.52,73.26,24.25999999999999,0.0
14,91.59,0.0,0.0,90.0,2024-01-16 14:00:00,59.25,91.59,-32.34,0.0
15,77.43,0.0,0.0,90.0,2024-01-16 15:00:00,75.39,77.43,-2.0400000000000063,0.0
16,92.79,0.0,3.0,86.666667,2024-01-16 16:00:00,102.43,92.79,9.64,0.0
17,103.01,0.0,20.0,64.444444,2024-01-16 17:00:00,105.85,103.01,2.839999999999989,0.0
18,116.6,0.0,20.0,42.222222,2024-01-16 18:00:00,89.82,116.6,-26.78,0.0
19,112.17,0.0,20.0,20.0,2024-01-16 19:00:00,110.76,112.17,-1.4099999999999966,0.0
20,85.36,0.0,0.0,20.0,2024-01-16 20:00:00,133.14,85.36,47.77999999999999,0.0
21,57.31,0.0,0.0,20.0,2024-01-16 21:00:00,87.58,57.31,30.269999999999996,0.0
22,57.79,0.0,0.0,20.0,2024-01-16 22:00:00,73.54,57.79,15.750000000000007,0.0
23,49.07,0.0,0.0,20.0,2024-01-16 23:00:00,48.76,49.07,-0.3100000000000023,0.0
0,31.34,20.0,0.0,68.0,2024-01-17 00:00:00,45.2,31.34,13.860000000000003,4443.740890576
1,43.94,20.0,0.0,86.0,2024-01-17 01:00:00,45.27,43.94,1.3300000000000054,0.0
2,55.31,0.0,0.0,86.0,2024-01-17 02:00:00,59.7,55.31,4.390000000000001,0.0
3,53.03,0.0,0.0,86.0,2024-01-17 03:00:00,59.77,53.03,6.740000000000002,0.0
4,52.08,0.0,0.0,86.0,2024-01-17 04:00:00,51.95,52.08,-0.12999999999999545,0.0
5,61.44,0.0,0.0,86.0,2024-01-17 05:00:00,52.64,61.44,-8.799999999999997,0.0
6,49.12,4.4444444,0.0,90.0,2024-01-17 06:00:00,35.96,49.12,-13.159999999999997,0.0
7,54.5,0.0,0.0,90.0,2024-01-17 07:00:00,40.56,54.5,-13.939999999999998,0.0
8,68.5,0.0,0.0,90.0,2024-01-17 08:00:00,58.7,68.5,-9.799999999999997,0.0
9,57.11,0.0,0.0,90.0,2024-01-17 09:00:00,74.96,57.11,17.849999999999994,0.0
10,62.59,0.0,0.0,90.0,2024-01-17 10:00:00,82.13,62.59,19.539999999999992,0.0
11,90.68,0.0,0.0,90.0,2024-01-17 11:00:00,58.66,90.68,-32.02000000000001,0.0
12,71.45,0.0,0.0,90.0,2024-01-17 12:00:00,52.65,71.45,-18.800000000000004,0.0
13,97.52,0.0,16.2,72.0,2024-01-17 13:00:00,90.51,97.52,-7.009999999999991,0.0
14,59.25,20.0,0.0,90.0,2024-01-17 14:00:00,71.44,59.25,12.189999999999998,0.0
15,75.39,0.0,0.0,90.0,2024-01-17 15:00:00,65.4,75.39,-9.989999999999995,0.0
16,102.43,0.0,3.0,86.666667,2024-01-17 16:00:00,84.33,102.43,-18.10000000000001,0.0
17,105.85,0.0,20.0,64.444444,2024-01-17 17:00:00,100.87,105.85,-4.97999999999999,0.0
18,89.82,0.0,0.0,64.444444,2024-01-17 18:00:00,130.75,89.82,40.93000000000001,0.0
19,110.76,0.0,20.0,42.222222,2024-01-17 19:00:00,124.91,110.76,14.149999999999991,0.0
20,133.14,0.0,20.0,20.0,2024-01-17 20:00:00,94.71,133.14,-38.42999999999999,0.0
21,87.58,0.0,0.0,20.0,2024-01-17 21:00:00,102.21,87.58,14.629999999999995,0.0
22,73.54,0.0,0.0,20.0,2024-01-17 22:00:00,67.17,73.54,-6.3700000000000045,0.0
23,48.76,0.0,0.0,20.0,2024-01-17 23:00:00,67.81,48.76,19.050000000000004,0.0
0,45.2,4.4444444,0.0,54.0,2024-01-18 00:00:00,63.9,45.2,18.699999999999996,3310.06425074
1,45.27,0.0,0.0,54.0,2024-01-18 01:00:00,41.44,45.27,-3.8300000000000054,0.0
2,59.7,0.0,0.0,54.0,2024-01-18 02:00:00,52.67,59.7,-7.030000000000001,0.0
3,59.77,0.0,0.0,54.0,2024-01-18 03:00:00,39.37,59.77,-20.400000000000006,0.0
4,51.95,0.0,0.0,54.0,2024-01-18 04:00:00,56.17,51.95,4.219999999999999,0.0
5,52.64,0.0,0.0,54.0,2024-01-18 05:00:00,58.72,52.64,6.079999999999998,0.0
6,35.96,20.0,0.0,72.0,2024-01-18 06:00:00,68.69,35.96,32.73,0.0
7,40.56,20.0,0.0,90.0,2024-01-18 07:00:00,80.38,40.56,39.81999999999999,0.0
8,58.7,0.0,0.0,90.0,2024-01-18 08:00:00,67.59,58.7,8.89,0.0
9,74.96,0.0,0.0,90.0,2024-01-18 09:00:00,64.9,74.96,-10.059999999999988,0.0
10,82.13,0.0,20.0,67.777778,2024-01-18 10:00:00,69.99,82.13,-12.14,0.0
11,58.66,4.691358,0.0,72.0,2024-01-18 11:00:00,34.35,58.66,-24.309999999999995,0.0
12,52.65,20.0,0.0,90.0,2024-01-18 12:00:00,66.55,52.65,13.899999999999999,0.0
13,90.51,0.0,16.2,72.0,2024-01-18 13:00:00,91.72,90.51,1.2099999999999937,0.0
14,71.44,0.0,0.0,72.0,2024-01-18 14:00:00,94.81,71.44,23.370000000000005,0.0
15,65.4,20.0,0.0,90.0,2024-01-18 15:00:00,78.75,65.4,13.349999999999994,0.0
16,84.33,0.0,0.0,90.0,2024-01-18 16:00:00,99.57,84.33,15.239999999999995,0.0
17,100.87,0.0,3.0,86.666667,2024-01-18 17:00:00,106.74,100.87,5.86999999999999,0.0
18,130.75,0.0,20.0,64.444444,2024-01-18 18:00:00,123.38,130.75,-7.3700000000000045,0.0
19,124.91,0.0,20.0,42.222222,2024-01-18 19:00:00,143.16,124.91,18.25,0.0
20,94.71,0.0,0.0,42.222222,2024-01-18 20:00:00,111.85,94.71,17.14,0.0
21,102.21,0.0,20.0,20.0,2024-01-18 21:00:00,74.13,102.21,-28.08,0.0
22,67.17,0.0,0.0,20.0,2024-01-18 22:00:00,67.65,67.17,0.480000000000004,0.0
23,67.81,0.0,0.0,20.0,2024-01-18 23:00:00,71.75,67.81,3.9399999999999977,0.0
0,63.9,0.0,0.0,50.0,2024-01-19 00:00:00,27.16,63.9,-36.739999999999995,4406.118002431998
1,41.44,20.0,0.0,68.0,2024-01-19 01:00:00,41.02,41.44,-0.4199999999999946,0.0
2,52.67,4.4444444,0.0,72.0,2024-01-19 02:00:00,52.72,52.67,0.04999999999999716,0.0
3,39.37,20.0,0.0,90.0,2024-01-19 03:00:00,60.09,39.37,20.720000000000006,0.0
4,56.17,0.0,0.0,90.0,2024-01-19 04:00:00,56.26,56.17,0.0899999999999963,0.0
5,58.72,0.0,0.0,90.0,2024-01-19 05:00:00,42.89,58.72,-15.829999999999998,0.0
6,68.69,0.0,0.0,90.0,2024-01-19 06:00:00,63.6,68.69,-5.089999999999996,0.0
7,80.38,0.0,16.2,72.0,2024-01-19 07:00:00,66.44,80.38,-13.939999999999998,0.0
8,67.59,0.0,0.0,72.0,2024-01-19 08:00:00,65.19,67.59,-2.4000000000000057,0.0
9,64.9,0.0,0.0,72.0,2024-01-19 09:00:00,62.15,64.9,-2.750000000000007,0.0
10,69.99,0.0,0.0,72.0,2024-01-19 10:00:00,65.53,69.99,-4.459999999999994,0.0
11,34.35,20.0,0.0,90.0,2024-01-19 11:00:00,60.59,34.35,26.240000000000002,0.0
12,66.55,0.0,0.0,90.0,2024-01-19 12:00:00,104.88,66.55,38.33,0.0
13,91.72,0.0,0.0,90.0,2024-01-19 13:00:00,80.04,91.72,-11.679999999999993,0.0
14,94.81,0.0,0.0,90.0,2024-01-19 14:00:00,86.86,94.81,-7.950000000000003,0.0
15,78.75,0.0,0.0,90.0,2024-01-19 15:00:00,81.93,78.75,3.180000000000007,0.0
16,99.57,0.0,0.0,90.0,2024-01-19 16:00:00,106.07,99.57,6.5,0.0
17,106.74,0.0,3.0,86.666667,2024-01-19 17:00:00,89.73,106.74,-17.00999999999999,0.0
18,123.38,0.0,20.0,64.444444,2024-01-19 18:00:00,98.0,123.38,-25.379999999999995,0.0
19,143.16,0.0,20.0,42.222222,2024-01-19 19:00:00,113.57,143.16,-29.590000000000003,0.0
20,111.85,0.0,20.0,20.0,2024-01-19 20:00:00,129.24,111.85,17.390000000000015,0.0
21,74.13,0.0,0.0,20.0,2024-01-19 21:00:00,100.23,74.13,26.10000000000001,0.0
22,67.65,0.0,0.0,20.0,2024-01-19 22:00:00,61.77,67.65,-5.880000000000003,0.0
23,71.75,0.0,0.0,20.0,2024-01-19 23:00:00,61.02,71.75,-10.729999999999997,0.0
0,27.16,20.0,0.0,68.0,2024-01-20 00:00:00,27.83,27.16,0.6699999999999982,4022.2360000000003
1,41.02,20.0,0.0,86.0,2024-01-20 01:00:00,39.7,41.02,-1.3200000000000003,0.0
2,52.72,0.0,0.0,86.0,2024-01-20 02:00:00,37.84,52.72,-14.879999999999995,0.0
3,60.09,0.0,12.6,72.0,2024-01-20 03:00:00,45.94,60.09,-14.150000000000006,0.0
4,56.26,0.0,0.0,72.0,2024-01-20 04:00:00,18.83,56.26,-37.43,0.0
5,42.89,20.0,0.0,90.0,2024-01-20 05:00:00,27.09,42.89,-15.8,0.0
6,63.6,0.0,0.0,90.0,2024-01-20 06:00:00,48.83,63.6,-14.770000000000003,0.0
7,66.44,0.0,0.0,90.0,2024-01-20 07:00:00,38.23,66.44,-28.21,0.0
8,65.19,0.0,0.0,90.0,2024-01-20 08:00:00,38.26,65.19,-26.93,0.0
9,62.15,0.0,0.0,90.0,2024-01-20 09:00:00,54.24,62.15,-7.909999999999997,0.0
10,65.53,0.0,0.0,90.0,2024-01-20 10:00:00,44.5,65.53,-21.03,0.0
11,60.59,0.0,0.0,90.0,2024-01-20 11:00:00,84.59,60.59,24.0,0.0
12,104.88,0.0,19.2,68.666667,2024-01-20 12:00:00,53.26,104.88,-51.62,0.0
13,80.04,20.0,0.0,86.666667,2024-01-20 13:00:00,63.52,80.04,-16.520000000000003,0.0
14,86.86,0.0,0.0,86.666667,2024-01-20 14:00:00,73.63,86.86,-13.230000000000004,0.0
15,81.93,0.0,0.0,86.666667,2024-01-20 15:00:00,56.24,81.93,-25.690000000000005,0.0
16,106.07,0.0,20.0,64.444444,2024-01-20 16:00:00,89.94,106.07,-16.129999999999995,0.0
17,89.73,0.0,0.0,64.444444,2024-01-20 17:00:00,103.33,89.73,13.599999999999994,0.0
18,98.0,0.0,0.0,64.444444,2024-01-20 18:00:00,101.93,98.0,3.930000000000007,0.0
19,113.57,0.0,20.0,42.222222,2024-01-20 19:00:00,108.64,113.57,-4.929999999999993,0.0
20,129.24,0.0,20.0,20.0,2024-01-20 20:00:00,97.78,129.24,-31.460000000000008,0.0
21,100.23,0.0,0.0,20.0,2024-01-20 21:00:00,88.64,100.23,-11.590000000000003,0.0
22,61.77,0.0,0.0,20.0,2024-01-20 22:00:00,91.26,61.77,29.490000000000002,0.0
23,61.02,0.0,0.0,20.0,2024-01-20 23:00:00,33.26,61.02,-27.760000000000005,0.0
0,27.83,20.0,0.0,68.0,2024-01-21 00:00:00,19.17,27.83,-8.659999999999997,2053.37819994
1,39.7,0.0,0.0,68.0,2024-01-21 01:00:00,34.3,39.7,-5.400000000000006,0.0
2,37.84,0.0,0.0,68.0,2024-01-21 02:00:00,7.11,37.84,-30.730000000000004,0.0
3,45.94,0.0,12.6,54.0,2024-01-21 03:00:00,43.59,45.94,-2.3499999999999943,0.0
4,18.83,20.0,0.0,72.0,2024-01-21 04:00:00,39.04,18.83,20.21,0.0
5,27.09,20.0,0.0,90.0,2024-01-21 05:00:00,141.4,27.09,114.31,0.0
6,48.83,0.0,0.0,90.0,2024-01-21 06:00:00,41.86,48.83,-6.969999999999999,0.0
7,38.23,0.0,0.0,90.0,2024-01-21 07:00:00,54.42,38.23,16.190000000000005,0.0
8,38.26,0.0,0.0,90.0,2024-01-21 08:00:00,56.41,38.26,18.15,0.0
9,54.24,0.0,0.0,90.0,2024-01-21 09:00:00,59.53,54.24,5.289999999999999,0.0
10,44.5,0.0,0.0,90.0,2024-01-21 10:00:00,39.12,44.5,-5.380000000000003,0.0
11,84.59,0.0,20.0,67.777778,2024-01-21 11:00:00,64.01,84.59,-20.58,0.0
12,53.26,20.0,0.0,85.777778,2024-01-21 12:00:00,87.9,53.26,34.64000000000001,0.0
13,63.52,0.0,0.0,85.777778,2024-01-21 13:00:00,67.77,63.52,4.249999999999993,0.0
14,73.63,0.0,0.0,85.777778,2024-01-21 14:00:00,71.38,73.63,-2.25,0.0
15,56.24,4.691358,0.0,90.0,2024-01-21 15:00:00,95.57,56.24,39.32999999999999,0.0
16,89.94,0.0,0.0,90.0,2024-01-21 16:00:00,73.08,89.94,-16.86,0.0
17,103.33,0.0,20.0,67.777778,2024-01-21 17:00:00,109.88,103.33,6.549999999999997,0.0
18,101.93,0.0,20.0,45.555556,2024-01-21 18:00:00,100.56,101.93,-1.3700000000000045,0.0
19,108.64,0.0,20.0,23.333333,2024-01-21 19:00:00,113.24,108.64,4.599999999999994,0.0
20,97.78,0.0,3.0,20.0,2024-01-21 20:00:00,103.16,97.78,5.3799999999999955,0.0
21,88.64,0.0,0.0,20.0,2024-01-21 21:00:00,75.17,88.64,-13.469999999999999,0.0
22,91.26,0.0,0.0,20.0,2024-01-21 22:00:00,55.39,91.26,-35.870000000000005,0.0
23,33.26,0.0,0.0,20.0,2024-01-21 23:00:00,59.67,33.26,26.410000000000004,0.0
0,19.17,20.0,0.0,68.0,2024-01-22 00:00:00,26.45,19.17,7.279999999999998,2896.4964463880015
1,34.3,4.4444444,0.0,72.0,2024-01-22 01:00:00,41.73,34.3,7.43,0.0
2,7.11,20.0,0.0,90.0,2024-01-22 02:00:00,52.91,7.11,45.8,0.0
3,43.59,0.0,0.0,90.0,2024-01-22 03:00:00,43.22,43.59,-0.37000000000000455,0.0
4,39.04,0.0,0.0,90.0,2024-01-22 04:00:00,49.48,39.04,10.439999999999998,0.0
5,141.4,0.0,20.0,67.777778,2024-01-22 05:00:00,28.66,141.4,-112.74000000000001,0.0
6,41.86,20.0,0.0,85.777778,2024-01-22 06:00:00,49.07,41.86,7.210000000000001,0.0
7,54.42,0.0,0.0,85.777778,2024-01-22 07:00:00,67.49,54.42,13.069999999999993,0.0
8,56.41,0.0,0.0,85.777778,2024-01-22 08:00:00,55.18,56.41,-1.2299999999999969,0.0
9,59.53,0.0,12.4,72.0,2024-01-22 09:00:00,52.35,59.53,-7.18,0.0
10,39.12,20.0,0.0,90.0,2024-01-22 10:00:00,79.57,39.12,40.449999999999996,0.0
11,64.01,0.0,0.0,90.0,2024-01-22 11:00:00,79.15,64.01,15.14,0.0
12,87.9,0.0,0.0,90.0,2024-01-22 12:00:00,62.88,87.9,-25.020000000000003,0.0
13,67.77,0.0,0.0,90.0,2024-01-22 13:00:00,81.08,67.77,13.310000000000002,0.0
14,71.38,0.0,0.0,90.0,2024-01-22 14:00:00,71.22,71.38,-0.1599999999999966,0.0
15,95.57,0.0,16.2,72.0,2024-01-22 15:00:00,85.31,95.57,-10.259999999999991,0.0
16,73.08,20.0,0.0,90.0,2024-01-22 16:00:00,95.63,73.08,22.549999999999997,0.0
17,109.88,0.0,20.0,67.777778,2024-01-22 17:00:00,96.97,109.88,-12.909999999999997,0.0
18,100.56,0.0,3.0,64.444444,2024-01-22 18:00:00,124.63,100.56,24.069999999999993,0.0
19,113.24,0.0,20.0,42.222222,2024-01-22 19:00:00,126.17,113.24,12.930000000000007,0.0
20,103.16,0.0,20.0,20.0,2024-01-22 20:00:00,107.28,103.16,4.1200000000000045,0.0
21,75.17,0.0,0.0,20.0,2024-01-22 21:00:00,91.7,75.17,16.53,0.0
22,55.39,0.0,0.0,20.0,2024-01-22 22:00:00,49.98,55.39,-5.410000000000004,0.0
23,59.67,0.0,0.0,20.0,2024-01-22 23:00:00,75.34,59.67,15.670000000000002,0.0
0,26.45,20.0,0.0,68.0,2024-01-23 00:00:00,47.37,26.45,20.919999999999998,3882.5373350359996
1,41.73,4.4444444,0.0,72.0,2024-01-23 01:00:00,36.31,41.73,-5.419999999999995,0.0
2,52.91,0.0,0.0,72.0,2024-01-23 02:00:00,49.68,52.91,-3.229999999999997,0.0
3,43.22,0.0,0.0,72.0,2024-01-23 03:00:00,55.6,43.22,12.380000000000003,0.0
4,49.48,0.0,0.0,72.0,2024-01-23 04:00:00,57.85,49.48,8.370000000000005,0.0
5,28.66,20.0,0.0,90.0,2024-01-23 05:00:00,39.21,28.66,10.55,0.0
6,49.07,0.0,0.0,90.0,2024-01-23 06:00:00,71.01,49.07,21.940000000000005,0.0
7,67.49,0.0,0.0,90.0,2024-01-23 07:00:00,60.64,67.49,-6.849999999999994,0.0
8,55.18,0.0,0.0,90.0,2024-01-23 08:00:00,68.83,55.18,13.649999999999999,0.0
9,52.35,0.0,0.0,90.0,2024-01-23 09:00:00,59.77,52.35,7.420000000000002,0.0
10,79.57,0.0,0.0,90.0,2024-01-23 10:00:00,83.57,79.57,4.0,0.0
11,79.15,0.0,0.0,90.0,2024-01-23 11:00:00,73.97,79.15,-5.180000000000007,0.0
12,62.88,0.0,0.0,90.0,2024-01-23 12:00:00,89.97,62.88,27.089999999999996,0.0
13,81.08,0.0,0.0,90.0,2024-01-23 13:00:00,60.15,81.08,-20.93,0.0
14,71.22,0.0,0.0,90.0,2024-01-23 14:00:00,65.1,71.22,-6.1200000000000045,0.0
15,85.31,0.0,0.0,90.0,2024-01-23 15:00:00,86.53,85.31,1.2199999999999989,0.0
16,95.63,0.0,0.0,90.0,2024-01-23 16:00:00,112.31,95.63,16.680000000000007,0.0
17,96.97,0.0,3.0,86.666667,2024-01-23 17:00:00,130.21,96.97,33.24000000000001,0.0
18,124.63,0.0,20.0,64.444444,2024-01-23 18:00:00,105.78,124.63,-18.849999999999994,0.0
19,126.17,0.0,20.0,42.222222,2024-01-23 19:00:00,117.74,126.17,-8.430000000000007,0.0
20,107.28,0.0,20.0,20.0,2024-01-23 20:00:00,107.98,107.28,0.7000000000000028,0.0
21,91.7,0.0,0.0,20.0,2024-01-23 21:00:00,97.18,91.7,5.480000000000004,0.0
22,49.98,20.0,0.0,38.0,2024-01-23 22:00:00,82.13,49.98,32.15,0.0
23,75.34,0.0,16.2,20.0,2024-01-23 23:00:00,42.27,75.34,-33.07,0.0
0,47.37,4.4444444,0.0,54.0,2024-01-24 00:00:00,49.44,47.37,2.0700000000000003,4091.3642015039986
1,36.31,20.0,0.0,72.0,2024-01-24 01:00:00,24.77,36.31,-11.540000000000003,0.0
2,49.68,0.0,0.0,72.0,2024-01-24 02:00:00,57.21,49.68,7.530000000000001,0.0
3,55.6,0.0,0.0,72.0,2024-01-24 03:00:00,42.31,55.6,-13.29,0.0
4,57.85,0.0,0.0,72.0,2024-01-24 04:00:00,36.98,57.85,-20.870000000000005,0.0
5,39.21,20.0,0.0,90.0,2024-01-24 05:00:00,59.42,39.21,20.21,0.0
6,71.01,0.0,0.0,90.0,2024-01-24 06:00:00,53.3,71.01,-17.710000000000008,0.0
7,60.64,0.0,0.0,90.0,2024-01-24 07:00:00,77.31,60.64,16.67,0.0
8,68.83,0.0,0.0,90.0,2024-01-24 08:00:00,51.37,68.83,-17.46,0.0
9,59.77,0.0,0.0,90.0,2024-01-24 09:00:00,92.27,59.77,32.49999999999999,0.0
10,83.57,0.0,0.0,90.0,2024-01-24 10:00:00,81.58,83.57,-1.9899999999999949,0.0
11,73.97,0.0,0.0,90.0,2024-01-24 11:00:00,89.36,73.97,15.39,0.0
12,89.97,0.0,20.0,67.777778,2024-01-24 12:00:00,64.78,89.97,-25.189999999999998,0.0
13,60.15,20.0,0.0,85.777778,2024-01-24 13:00:00,102.04,60.15,41.89000000000001,0.0
14,65.1,4.691358,0.0,90.0,2024-01-24 14:00:00,66.32,65.1,1.2199999999999989,0.0
15,86.53,0.0,0.0,90.0,2024-01-24 15:00:00,85.11,86.53,-1.4200000000000017,0.0
16,112.31,0.0,20.0,67.777778,2024-01-24 16:00:00,110.06,112.31,-2.25,0.0
17,130.21,0.0,20.0,45.555556,2024-01-24 17:00:00,110.89,130.21,-19.320000000000007,0.0
18,105.78,0.0,0.0,45.555556,2024-01-24 18:00:00,101.23,105.78,-4.549999999999997,0.0
19,117.74,0.0,20.0,23.333333,2024-01-24 19:00:00,129.92,117.74,12.179999999999993,0.0
20,107.98,0.0,3.0,20.0,2024-01-24 20:00:00,112.7,107.98,4.719999999999999,0.0
21,97.18,0.0,0.0,20.0,2024-01-24 21:00:00,81.73,97.18,-15.450000000000003,0.0
22,82.13,0.0,0.0,20.0,2024-01-24 22:00:00,49.74,82.13,-32.38999999999999,0.0
23,42.27,0.0,0.0,20.0,2024-01-24 23:00:00,65.83,42.27,23.559999999999995,0.0
0,49.44,0.0,0.0,50.0,2024-01-25 00:00:00,45.52,49.44,-3.9199999999999946,3289.237999999999
1,24.77,20.0,0.0,68.0,2024-01-25 01:00:00,49.11,24.77,24.34,0.0
2,57.21,0.0,12.6,54.0,2024-01-25 02:00:00,27.27,57.21,-29.94,0.0
3,42.31,20.0,0.0,72.0,2024-01-25 03:00:00,41.47,42.31,-0.8400000000000034,0.0
4,36.98,20.0,0.0,90.0,2024-01-25 04:00:00,52.85,36.98,15.870000000000005,0.0
5,59.42,0.0,0.0,90.0,2024-01-25 05:00:00,74.99,59.42,15.569999999999993,0.0
6,53.3,0.0,0.0,90.0,2024-01-25 06:00:00,58.27,53.3,4.970000000000006,0.0
7,77.31,0.0,16.2,72.0,2024-01-25 07:00:00,81.83,77.31,4.519999999999996,0.0
8,51.37,20.0,0.0,90.0,2024-01-25 08:00:00,72.63,51.37,21.259999999999998,0.0
9,92.27,0.0,16.2,72.0,2024-01-25 09:00:00,67.45,92.27,-24.819999999999993,0.0
10,81.58,0.0,0.0,72.0,2024-01-25 10:00:00,57.28,81.58,-24.299999999999997,0.0
11,89.36,0.0,0.0,72.0,2024-01-25 11:00:00,60.52,89.36,-28.839999999999996,0.0
12,64.78,20.0,0.0,90.0,2024-01-25 12:00:00,78.41,64.78,13.629999999999995,0.0
13,102.04,0.0,16.2,72.0,2024-01-25 13:00:00,69.75,102.04,-32.290000000000006,0.0
14,66.32,20.0,0.0,90.0,2024-01-25 14:00:00,72.95,66.32,6.63000000000001,0.0
15,85.11,0.0,0.0,90.0,2024-01-25 15:00:00,87.85,85.11,2.739999999999995,0.0
16,110.06,0.0,3.0,86.666667,2024-01-25 16:00:00,95.85,110.06,-14.210000000000008,0.0
17,110.89,0.0,20.0,64.444444,2024-01-25 17:00:00,118.24,110.89,7.349999999999994,0.0
18,101.23,0.0,0.0,64.444444,2024-01-25 18:00:00,113.8,101.23,12.569999999999993,0.0
19,129.92,0.0,20.0,42.222222,2024-01-25 19:00:00,121.99,129.92,-7.929999999999993,0.0
20,112.7,0.0,20.0,20.0,2024-01-25 20:00:00,107.1,112.7,-5.6000000000000085,0.0
21,81.73,0.0,0.0,20.0,2024-01-25 21:00:00,67.55,81.73,-14.180000000000007,0.0
22,49.74,0.0,0.0,20.0,2024-01-25 22:00:00,70.44,49.74,20.699999999999996,0.0
23,65.83,0.0,0.0,20.0,2024-01-25 23:00:00,26.21,65.83,-39.62,0.0
0,45.52,4.4444444,0.0,54.0,2024-01-26 00:00:00,33.3,45.52,-12.220000000000006,4295.206176320001
1,49.11,0.0,0.0,54.0,2024-01-26 01:00:00,50.57,49.11,1.4600000000000009,0.0
2,27.27,20.0,0.0,72.0,2024-01-26 02:00:00,44.95,27.27,17.680000000000003,0.0
3,41.47,20.0,0.0,90.0,2024-01-26 03:00:00,23.95,41.47,-17.52,0.0
4,52.85,0.0,0.0,90.0,2024-01-26 04:00:00,34.08,52.85,-18.770000000000003,0.0
5,74.99,0.0,0.0,90.0,2024-01-26 05:00:00,22.95,74.99,-52.03999999999999,0.0
6,58.27,0.0,0.0,90.0,2024-01-26 06:00:00,42.74,58.27,-15.530000000000001,0.0
7,81.83,0.0,20.0,67.777778,2024-01-26 07:00:00,65.8,81.83,-16.03,0.0
8,72.63,0.0,0.0,67.777778,2024-01-26 08:00:00,56.35,72.63,-16.279999999999994,0.0
9,67.45,0.0,0.0,67.777778,2024-01-26 09:00:00,68.5,67.45,1.0499999999999972,0.0
10,57.28,20.0,0.0,85.777778,2024-01-26 10:00:00,71.32,57.28,14.039999999999992,0.0
11,60.52,4.691358,0.0,90.0,2024-01-26 11:00:00,75.42,60.52,14.899999999999999,0.0
12,78.41,0.0,0.0,90.0,2024-01-26 12:00:00,87.45,78.41,9.040000000000006,0.0
13,69.75,0.0,0.0,90.0,2024-01-26 13:00:00,72.69,69.75,2.9399999999999977,0.0
14,72.95,0.0,0.0,90.0,2024-01-26 14:00:00,93.04,72.95,20.090000000000003,0.0
15,87.85,0.0,0.0,90.0,2024-01-26 15:00:00,57.85,87.85,-29.999999999999993,0.0
16,95.85,0.0,0.0,90.0,2024-01-26 16:00:00,106.05,95.85,10.200000000000003,0.0
17,118.24,0.0,20.0,67.777778,2024-01-26 17:00:00,93.0,118.24,-25.239999999999995,0.0
18,113.8,0.0,20.0,45.555556,2024-01-26 18:00:00,107.81,113.8,-5.989999999999995,0.0
19,121.99,0.0,20.0,23.333333,2024-01-26 19:00:00,110.87,121.99,-11.11999999999999,0.0
20,107.1,0.0,3.0,20.0,2024-01-26 20:00:00,118.7,107.1,11.600000000000009,0.0
21,67.55,0.0,0.0,20.0,2024-01-26 21:00:00,75.22,67.55,7.670000000000002,0.0
22,70.44,0.0,0.0,20.0,2024-01-26 22:00:00,64.73,70.44,-5.709999999999994,0.0
23,26.21,0.0,0.0,20.0,2024-01-26 23:00:00,46.16,26.21,19.949999999999996,0.0
0,33.3,20.0,0.0,68.0,2024-01-27 00:00:00,36.66,33.3,3.3599999999999994,3207.867183699998
1,50.57,0.0,20.0,45.777778,2024-01-27 01:00:00,43.71,50.57,-6.859999999999999,0.0
2,44.95,0.0,0.0,45.777778,2024-01-27 02:00:00,51.54,44.95,6.589999999999996,0.0
3,23.95,20.0,0.0,63.777778,2024-01-27 03:00:00,61.63,23.95,37.68000000000001,0.0
4,34.08,9.1358025,0.0,72.0,2024-01-27 04:00:00,46.12,34.08,12.04,0.0
5,22.95,20.0,0.0,90.0,2024-01-27 05:00:00,43.77,22.95,20.820000000000004,0.0
6,42.74,0.0,0.0,90.0,2024-01-27 06:00:00,31.05,42.74,-11.690000000000001,0.0
7,65.8,0.0,0.0,90.0,2024-01-27 07:00:00,72.68,65.8,6.88000000000001,0.0
8,56.35,0.0,0.0,90.0,2024-01-27 08:00:00,48.79,56.35,-7.560000000000002,0.0
9,68.5,0.0,0.0,90.0,2024-01-27 09:00:00,48.11,68.5,-20.39,0.0
10,71.32,0.0,0.0,90.0,2024-01-27 10:00:00,58.12,71.32,-13.199999999999996,0.0
11,75.42,0.0,0.0,90.0,2024-01-27 11:00:00,47.78,75.42,-27.64,0.0
12,87.45,0.0,0.0,90.0,2024-01-27 12:00:00,36.01,87.45,-51.440000000000005,0.0
13,72.69,0.0,0.0,90.0,2024-01-27 13:00:00,70.13,72.69,-2.5600000000000023,0.0
14,93.04,0.0,16.2,72.0,2024-01-27 14:00:00,85.21,93.04,-7.8300000000000125,0.0
15,57.85,20.0,0.0,90.0,2024-01-27 15:00:00,81.25,57.85,23.4,0.0
16,106.05,0.0,3.0,86.666667,2024-01-27 16:00:00,83.16,106.05,-22.89,0.0
17,93.0,0.0,0.0,86.666667,2024-01-27 17:00:00,96.66,93.0,3.6599999999999966,0.0
18,107.81,0.0,20.0,64.444444,2024-01-27 18:00:00,104.49,107.81,-3.3200000000000074,0.0
19,110.87,0.0,20.0,42.222222,2024-01-27 19:00:00,102.55,110.87,-8.320000000000007,0.0
20,118.7,0.0,20.0,20.0,2024-01-27 20:00:00,91.36,118.7,-27.340000000000003,0.0
21,75.22,0.0,0.0,20.0,2024-01-27 21:00:00,73.11,75.22,-2.1099999999999994,0.0
22,64.73,0.0,0.0,20.0,2024-01-27 22:00:00,74.4,64.73,9.670000000000002,0.0
23,46.16,0.0,0.0,20.0,2024-01-27 23:00:00,50.96,46.16,4.800000000000004,0.0
0,36.66,20.0,0.0,68.0,2024-01-28 00:00:00,35.75,36.66,-0.9099999999999966,4191.289383449999
1,43.71,20.0,0.0,86.0,2024-01-28 01:00:00,40.17,43.71,-3.539999999999999,0.0
2,51.54,0.0,0.0,86.0,2024-01-28 02:00:00,40.67,51.54,-10.869999999999997,0.0
3,61.63,0.0,20.0,63.777778,2024-01-28 03:00:00,46.13,61.63,-15.5,0.0
4,46.12,0.0,0.0,63.777778,2024-01-28 04:00:00,25.3,46.12,-20.819999999999997,0.0
5,43.77,9.1358025,0.0,72.0,2024-01-28 05:00:00,34.18,43.77,-9.590000000000003,0.0
6,31.05,20.0,0.0,90.0,2024-01-28 06:00:00,39.13,31.05,8.080000000000002,0.0
7,72.68,0.0,20.0,67.777778,2024-01-28 07:00:00,59.2,72.68,-13.480000000000004,0.0
8,48.79,0.0,0.0,67.777778,2024-01-28 08:00:00,56.36,48.79,7.57,0.0
9,48.11,0.0,0.0,67.777778,2024-01-28 09:00:00,36.91,48.11,-11.200000000000003,0.0
10,58.12,0.0,0.0,67.777778,2024-01-28 10:00:00,59.74,58.12,1.6200000000000045,0.0
11,47.78,4.691358,0.0,72.0,2024-01-28 11:00:00,72.95,47.78,25.17,0.0
12,36.01,20.0,0.0,90.0,2024-01-28 12:00:00,59.26,36.01,23.25,0.0
13,70.13,0.0,0.0,90.0,2024-01-28 13:00:00,70.68,70.13,0.5500000000000114,0.0
14,85.21,0.0,0.0,90.0,2024-01-28 14:00:00,77.16,85.21,-8.049999999999997,0.0
15,81.25,0.0,0.0,90.0,2024-01-28 15:00:00,57.13,81.25,-24.119999999999997,0.0
16,83.16,0.0,0.0,90.0,2024-01-28 16:00:00,84.15,83.16,0.9900000000000091,0.0
17,96.66,0.0,20.0,67.777778,2024-01-28 17:00:00,106.21,96.66,9.549999999999997,0.0
18,104.49,0.0,20.0,45.555556,2024-01-28 18:00:00,100.65,104.49,-3.839999999999989,0.0
19,102.55,0.0,20.0,23.333333,2024-01-28 19:00:00,110.94,102.55,8.39,0.0
20,91.36,0.0,3.0,20.0,2024-01-28 20:00:00,87.68,91.36,-3.6799999999999926,0.0
21,73.11,0.0,0.0,20.0,2024-01-28 21:00:00,65.51,73.11,-7.599999999999994,0.0
22,74.4,0.0,0.0,20.0,2024-01-28 22:00:00,62.43,74.4,-11.970000000000006,0.0
23,50.96,0.0,0.0,20.0,2024-01-28 23:00:00,33.95,50.96,-17.009999999999998,0.0
0,35.75,4.4444444,0.0,54.0,2024-01-29 00:00:00,37.25,35.75,1.5,3574.303557300001
1,40.17,0.0,0.0,54.0,2024-01-29 01:00:00,41.72,40.17,1.5499999999999972,0.0
2,40.67,0.0,0.0,54.0,2024-01-29 02:00:00,43.71,40.67,3.039999999999999,0.0
3,46.13,0.0,0.0,54.0,2024-01-29 03:00:00,41.54,46.13,-4.590000000000003,0.0
4,25.3,20.0,0.0,72.0,2024-01-29 04:00:00,42.51,25.3,17.209999999999997,0.0
5,34.18,20.0,0.0,90.0,2024-01-29 05:00:00,54.37,34.18,20.189999999999998,0.0
6,39.13,0.0,0.0,90.0,2024-01-29 06:00:00,210.44,39.13,171.31,0.0
7,59.2,0.0,16.2,72.0,2024-01-29 07:00:00,45.65,59.2,-13.550000000000004,0.0
8,56.36,0.0,0.0,72.0,2024-01-29 08:00:00,57.84,56.36,1.480000000000004,0.0
9,36.91,20.0,0.0,90.0,2024-01-29 09:00:00,41.23,36.91,4.32,0.0
10,59.74,0.0,0.0,90.0,2024-01-29 10:00:00,65.86,59.74,6.119999999999997,0.0
11,72.95,0.0,0.0,90.0,2024-01-29 11:00:00,70.6,72.95,-2.3500000000000085,0.0
12,59.26,0.0,0.0,90.0,2024-01-29 12:00:00,77.64,59.26,18.380000000000003,0.0
13,70.68,0.0,0.0,90.0,2024-01-29 13:00:00,77.5,70.68,6.819999999999993,0.0
14,77.16,0.0,16.2,72.0,2024-01-29 14:00:00,87.44,77.16,10.280000000000001,0.0
15,57.13,20.0,0.0,90.0,2024-01-29 15:00:00,84.37,57.13,27.240000000000002,0.0
16,84.15,0.0,0.0,90.0,2024-01-29 16:00:00,88.47,84.15,4.319999999999993,0.0
17,106.21,0.0,20.0,67.777778,2024-01-29 17:00:00,90.09,106.21,-16.11999999999999,0.0
18,100.65,0.0,20.0,45.555556,2024-01-29 18:00:00,112.09,100.65,11.439999999999998,0.0
19,110.94,0.0,20.0,23.333333,2024-01-29 19:00:00,102.05,110.94,-8.89,0.0
20,87.68,0.0,3.0,20.0,2024-01-29 20:00:00,102.83,87.68,15.149999999999991,0.0
21,65.51,0.0,0.0,20.0,2024-01-29 21:00:00,76.56,65.51,11.049999999999997,0.0
22,62.43,0.0,0.0,20.0,2024-01-29 22:00:00,74.34,62.43,11.910000000000004,0.0
23,33.95,0.0,0.0,20.0,2024-01-29 23:00:00,56.73,33.95,22.779999999999994,0.0
0,37.25,20.0,0.0,68.0,2024-01-30 00:00:00,50.86,37.25,13.61,3654.2851889599997
1,41.72,4.4444444,0.0,72.0,2024-01-30 01:00:00,49.05,41.72,7.329999999999998,0.0
2,43.71,0.0,0.0,72.0,2024-01-30 02:00:00,41.59,43.71,-2.1199999999999974,0.0
3,41.54,20.0,0.0,90.0,2024-01-30 03:00:00,43.9,41.54,2.3599999999999994,0.0
4,42.51,0.0,0.0,90.0,2024-01-30 04:00:00,53.85,42.51,11.340000000000003,0.0
5,54.37,0.0,0.0,90.0,2024-01-30 05:00:00,80.49,54.37,26.119999999999997,0.0
6,210.44,0.0,20.0,67.777778,2024-01-30 06:00:00,45.87,210.44,-164.57,0.0
7,45.65,4.691358,0.0,72.0,2024-01-30 07:00:00,58.99,45.65,13.340000000000003,0.0
8,57.84,0.0,0.0,72.0,2024-01-30 08:00:00,47.32,57.84,-10.520000000000003,0.0
9,41.23,20.0,0.0,90.0,2024-01-30 09:00:00,64.19,41.23,22.96,0.0
10,65.86,0.0,0.0,90.0,2024-01-30 10:00:00,54.72,65.86,-11.14,0.0
11,70.6,0.0,0.0,90.0,2024-01-30 11:00:00,70.73,70.6,0.13000000000000966,0.0
12,77.64,0.0,0.0,90.0,2024-01-30 12:00:00,74.13,77.64,-3.510000000000005,0.0
13,77.5,0.0,0.0,90.0,2024-01-30 13:00:00,70.75,77.5,-6.75,0.0
14,87.44,0.0,0.0,90.0,2024-01-30 14:00:00,58.82,87.44,-28.619999999999997,0.0
15,84.37,0.0,0.0,90.0,2024-01-30 15:00:00,97.82,84.37,13.449999999999989,0.0
16,88.47,0.0,0.0,90.0,2024-01-30 16:00:00,103.2,88.47,14.730000000000004,0.0
17,90.09,0.0,3.0,86.666667,2024-01-30 17:00:00,102.5,90.09,12.409999999999997,0.0
18,112.09,0.0,20.0,64.444444,2024-01-30 18:00:00,101.87,112.09,-10.219999999999999,0.0
19,102.05,0.0,20.0,42.222222,2024-01-30 19:00:00,112.88,102.05,10.829999999999998,0.0
20,102.83,0.0,20.0,20.0,2024-01-30 20:00:00,105.62,102.83,2.7900000000000063,0.0
21,76.56,0.0,0.0,20.0,2024-01-30 21:00:00,94.11,76.56,17.549999999999997,0.0
22,74.34,0.0,0.0,20.0,2024-01-30 22:00:00,73.93,74.34,-0.4099999999999966,0.0
23,56.73,0.0,0.0,20.0,2024-01-30 23:00:00,67.73,56.73,11.000000000000007,0.0
0,50.86,0.0,0.0,50.0,2024-01-31 00:00:00,25.02,50.86,-25.84,3978.794566075
1,49.05,0.0,0.0,50.0,2024-01-31 01:00:00,38.93,49.05,-10.119999999999997,0.0
2,41.59,20.0,0.0,68.0,2024-01-31 02:00:00,56.22,41.59,14.629999999999995,0.0
3,43.9,20.0,0.0,86.0,2024-01-31 03:00:00,31.41,43.9,-12.489999999999998,0.0
4,53.85,0.0,0.0,86.0,2024-01-31 04:00:00,65.24,53.85,11.389999999999993,0.0
5,80.49,0.0,20.0,63.777778,2024-01-31 05:00:00,72.11,80.49,-8.379999999999995,0.0
6,45.87,20.0,0.0,81.777778,2024-01-31 06:00:00,70.6,45.87,24.729999999999997,0.0
7,58.99,0.0,0.0,81.777778,2024-01-31 07:00:00,61.62,58.99,2.6299999999999955,0.0
8,47.32,9.1358025,0.0,90.0,2024-01-31 08:00:00,57.17,47.32,9.850000000000001,0.0
9,64.19,0.0,0.0,90.0,2024-01-31 09:00:00,66.78,64.19,2.5900000000000034,0.0
10,54.72,0.0,0.0,90.0,2024-01-31 10:00:00,49.66,54.72,-5.060000000000002,0.0
11,70.73,0.0,0.0,90.0,2024-01-31 11:00:00,58.86,70.73,-11.870000000000005,0.0
12,74.13,0.0,0.0,90.0,2024-01-31 12:00:00,64.56,74.13,-9.569999999999993,0.0
13,70.75,0.0,0.0,90.0,2024-01-31 13:00:00,74.6,70.75,3.8499999999999943,0.0
14,58.82,0.0,0.0,90.0,2024-01-31 14:00:00,77.02,58.82,18.199999999999996,0.0
15,97.82,0.0,0.0,90.0,2024-01-31 15:00:00,86.93,97.82,-10.889999999999986,0.0
16,103.2,0.0,20.0,67.777778,2024-01-31 16:00:00,107.43,103.2,4.230000000000004,0.0
17,102.5,0.0,3.0,64.444444,2024-01-31 17:00:00,95.92,102.5,-6.579999999999998,0.0
18,101.87,0.0,0.0,64.444444,2024-01-31 18:00:00,117.73,101.87,15.86,0.0
19,112.88,0.0,20.0,42.222222,2024-01-31 19:00:00,105.92,112.88,-6.959999999999994,0.0
20,105.62,0.0,20.0,20.0,2024-01-31 20:00:00,98.65,105.62,-6.969999999999999,0.0
21,94.11,0.0,0.0,20.0,2024-01-31 21:00:00,91.62,94.11,-2.489999999999995,0.0
22,73.93,0.0,0.0,20.0,2024-01-31 22:00:00,74.87,73.93,0.9399999999999977,0.0
23,67.73,0.0,0.0,20.0,2024-01-31 23:00:00,62.9,67.73,-4.830000000000005,0.0
