hour,price,charge_mw,discharge_mw,soc_mwh,ts,actual_price,daily_profit
0,54.17,0.0,8.8,40.222222,2024-01-02 00:00:00,54.17,5990.6759999999995
1,48.26,0.0,0.0,40.222222,2024-01-02 01:00:00,48.26,0.0
2,35.15,20.0,0.0,58.222222,2024-01-02 02:00:00,35.15,0.0
3,30.59,20.0,0.0,76.222222,2024-01-02 03:00:00,30.59,0.0
4,52.65,0.0,0.0,76.222222,2024-01-02 04:00:00,52.65,0.0
5,54.24,0.0,20.0,54.0,2024-01-02 05:00:00,54.24,0.0
6,33.72,20.0,0.0,72.0,2024-01-02 06:00:00,33.72,0.0
7,46.97,0.0,0.0,72.0,2024-01-02 07:00:00,46.97,0.0
8,25.59,20.0,0.0,90.0,2024-01-02 08:00:00,25.59,0.0
9,42.94,0.0,0.0,90.0,2024-01-02 09:00:00,42.94,0.0
10,62.48,0.0,0.0,90.0,2024-01-02 10:00:00,62.48,0.0
11,53.64,0.0,0.0,90.0,2024-01-02 11:00:00,53.64,0.0
12,57.74,0.0,0.0,90.0,2024-01-02 12:00:00,57.74,0.0
13,87.73,0.0,0.0,90.0,2024-01-02 13:00:00,87.73,0.0
14,88.09,0.0,0.0,90.0,2024-01-02 14:00:00,88.09,0.0
15,73.8,0.0,0.0,90.0,2024-01-02 15:00:00,73.8,0.0
16,101.59,0.0,0.0,90.0,2024-01-02 16:00:00,101.59,0.0
17,113.06,0.0,20.0,67.777778,2024-01-02 17:00:00,113.06,0.0
18,120.71,0.0,20.0,45.555556,2024-01-02 18:00:00,120.71,0.0
19,113.26,0.0,20.0,23.333333,2024-01-02 19:00:00,113.26,0.0
20,111.06,0.0,3.0,20.0,2024-01-02 20:00:00,111.06,0.0
21,88.92,0.0,0.0,20.0,2024-01-02 21:00:00,88.92,0.0
22,48.19,0.0,0.0,20.0,2024-01-02 22:00:00,48.19,0.0
23,51.14,0.0,0.0,20.0,2024-01-02 23:00:00,51.14,0.0
0,35.67,20.0,0.0,68.0,2024-01-03 00:00:00,35.67,5956.27935932
1,52.3,0.0,12.6,54.0,2024-01-03 01:00:00,52.3,0.0
2,37.25,20.0,0.0,72.0,2024-01-03 02:00:00,37.25,0.0
3,34.64,20.0,0.0,90.0,2024-01-03 03:00:00,34.64,0.0
4,56.83,0.0,0.0,90.0,2024-01-03 04:00:00,56.83,0.0
5,52.78,0.0,0.0,90.0,2024-01-03 05:00:00,52.78,0.0
6,81.88,0.0,20.0,67.777778,2024-01-03 06:00:00,81.88,0.0
7,44.13,20.0,0.0,85.777778,2024-01-03 07:00:00,44.13,0.0
8,50.46,4.691358,0.0,90.0,2024-01-03 08:00:00,50.46,0.0
9,73.66,0.0,16.2,72.0,2024-01-03 09:00:00,73.66,0.0
10,50.25,20.0,0.0,90.0,2024-01-03 10:00:00,50.25,0.0
11,82.94,0.0,20.0,67.777778,2024-01-03 11:00:00,82.94,0.0
12,59.35,20.0,0.0,85.777778,2024-01-03 12:00:00,59.35,0.0
13,80.14,0.0,12.4,72.0,2024-01-03 13:00:00,80.14,0.0
14,53.3,20.0,0.0,90.0,2024-01-03 14:00:00,53.3,0.0
15,80.97,0.0,0.0,90.0,2024-01-03 15:00:00,80.97,0.0
16,77.19,0.0,0.0,90.0,2024-01-03 16:00:00,77.19,0.0
17,125.06,0.0,20.0,67.777778,2024-01-03 17:00:00,125.06,0.0
18,100.26,0.0,3.0,64.444444,2024-01-03 18:00:00,100.26,0.0
19,101.92,0.0,20.0,42.222222,2024-01-03 19:00:00,101.92,0.0
20,103.99,0.0,20.0,20.0,2024-01-03 20:00:00,103.99,0.0
21,70.11,0.0,0.0,20.0,2024-01-03 21:00:00,70.11,0.0
22,73.04,0.0,0.0,20.0,2024-01-03 22:00:00,73.04,0.0
23,46.04,0.0,0.0,20.0,2024-01-03 23:00:00,46.04,0.0
0,32.21,20.0,0.0,68.0,2024-01-04 00:00:00,32.21,6237.278373555999
1,39.01,4.4444444,0.0,72.0,2024-01-04 01:00:00,39.01,0.0
2,21.67,20.0,0.0,90.0,2024-01-04 02:00:00,21.67,0.0
3,41.0,0.0,0.0,90.0,2024-01-04 03:00:00,41.0,0.0
4,55.28,0.0,0.0,90.0,2024-01-04 04:00:00,55.28,0.0
5,53.62,0.0,0.0,90.0,2024-01-04 05:00:00,53.62,0.0
6,58.08,0.0,16.2,72.0,2024-01-04 06:00:00,58.08,0.0
7,27.34,20.0,0.0,90.0,2024-01-04 07:00:00,27.34,0.0
8,54.6,0.0,0.0,90.0,2024-01-04 08:00:00,54.6,0.0
9,57.06,0.0,0.0,90.0,2024-01-04 09:00:00,57.06,0.0
10,78.46,0.0,20.0,67.777778,2024-01-04 10:00:00,78.46,0.0
11,53.2,4.691358,0.0,72.0,2024-01-04 11:00:00,53.2,0.0
12,39.45,20.0,0.0,90.0,2024-01-04 12:00:00,39.45,0.0
13,60.38,0.0,0.0,90.0,2024-01-04 13:00:00,60.38,0.0
14,70.41,0.0,16.2,72.0,2024-01-04 14:00:00,70.41,0.0
15,51.61,20.0,0.0,90.0,2024-01-04 15:00:00,51.61,0.0
16,99.59,0.0,20.0,67.777778,2024-01-04 16:00:00,99.59,0.0
17,83.88,0.0,0.0,67.777778,2024-01-04 17:00:00,83.88,0.0
18,116.56,0.0,20.0,45.555556,2024-01-04 18:00:00,116.56,0.0
19,96.19,0.0,3.0,42.222222,2024-01-04 19:00:00,96.19,0.0
20,114.63,0.0,20.0,20.0,2024-01-04 20:00:00,114.63,0.0
21,78.96,0.0,0.0,20.0,2024-01-04 21:00:00,78.96,0.0
22,59.0,0.0,0.0,20.0,2024-01-04 22:00:00,59.0,0.0
23,59.63,0.0,0.0,20.0,2024-01-04 23:00:00,59.63,0.0
0,27.89,20.0,0.0,68.0,2024-01-05 00:00:00,27.89,6407.807603825001
1,47.17,0.0,20.0,45.777778,2024-01-05 01:00:00,47.17,0.0
2,32.34,20.0,0.0,63.777778,2024-01-05 02:00:00,32.34,0.0
3,30.29,20.0,0.0,81.777778,2024-01-05 03:00:00,30.29,0.0
4,40.48,0.0,0.0,81.777778,2024-01-05 04:00:00,40.48,0.0
5,34.07,9.1358025,0.0,90.0,2024-01-05 05:00:00,34.07,0.0
6,49.77,0.0,0.0,90.0,2024-01-05 06:00:00,49.77,0.0
7,57.55,0.0,16.2,72.0,2024-01-05 07:00:00,57.55,0.0
8,26.32,20.0,0.0,90.0,2024-01-05 08:00:00,26.32,0.0
9,71.94,0.0,12.4,76.222222,2024-01-05 09:00:00,71.94,0.0
10,74.35,0.0,20.0,54.0,2024-01-05 10:00:00,74.35,0.0
11,41.35,20.0,0.0,72.0,2024-01-05 11:00:00,41.35,0.0
12,42.39,20.0,0.0,90.0,2024-01-05 12:00:00,42.39,0.0
13,84.19,0.0,0.0,90.0,2024-01-05 13:00:00,84.19,0.0
14,80.41,0.0,0.0,90.0,2024-01-05 14:00:00,80.41,0.0
15,87.62,0.0,0.0,90.0,2024-01-05 15:00:00,87.62,0.0
16,71.68,0.0,0.0,90.0,2024-01-05 16:00:00,71.68,0.0
17,122.38,0.0,20.0,67.777778,2024-01-05 17:00:00,122.38,0.0
18,102.18,0.0,20.0,45.555556,2024-01-05 18:00:00,102.18,0.0
19,110.1,0.0,20.0,23.333333,2024-01-05 19:00:00,110.1,0.0
20,101.32,0.0,0.0,23.333333,2024-01-05 20:00:00,101.32,0.0
21,101.39,0.0,3.0,20.0,2024-01-05 21:00:00,101.39,0.0
22,67.69,0.0,0.0,20.0,2024-01-05 22:00:00,67.69,0.0
23,55.54,0.0,0.0,20.0,2024-01-05 23:00:00,55.54,0.0
0,30.48,0.0,12.6,36.0,2024-01-06 00:00:00,30.48,6762.460124899999
1,8.99,20.0,0.0,54.0,2024-01-06 01:00:00,8.99,0.0
2,-2.48,20.0,0.0,72.0,2024-01-06 02:00:00,-2.48,0.0
3,24.58,0.0,0.0,72.0,2024-01-06 03:00:00,24.58,0.0
4,13.74,20.0,0.0,90.0,2024-01-06 04:00:00,13.74,0.0
5,40.12,0.0,0.0,90.0,2024-01-06 05:00:00,40.12,0.0
6,43.34,0.0,16.2,72.0,2024-01-06 06:00:00,43.34,0.0
7,40.95,0.0,0.0,72.0,2024-01-06 07:00:00,40.95,0.0
8,30.62,20.0,0.0,90.0,2024-01-06 08:00:00,30.62,0.0
9,57.62,0.0,16.2,72.0,2024-01-06 09:00:00,57.62,0.0
10,51.13,0.0,0.0,72.0,2024-01-06 10:00:00,51.13,0.0
11,39.8,20.0,0.0,90.0,2024-01-06 11:00:00,39.8,0.0
12,80.27,0.0,20.0,67.777778,2024-01-06 12:00:00,80.27,0.0
13,56.45,4.691358,0.0,72.0,2024-01-06 13:00:00,56.45,0.0
14,47.89,20.0,0.0,90.0,2024-01-06 14:00:00,47.89,0.0
15,60.7,0.0,0.0,90.0,2024-01-06 15:00:00,60.7,0.0
16,57.16,0.0,0.0,90.0,2024-01-06 16:00:00,57.16,0.0
17,104.53,0.0,20.0,67.777778,2024-01-06 17:00:00,104.53,0.0
18,109.06,0.0,20.0,45.555556,2024-01-06 18:00:00,109.06,0.0
19,106.87,0.0,20.0,23.333333,2024-01-06 19:00:00,106.87,0.0
20,89.89,0.0,3.0,20.0,2024-01-06 20:00:00,89.89,0.0
21,82.74,0.0,0.0,20.0,2024-01-06 21:00:00,82.74,0.0
22,47.92,0.0,0.0,20.0,2024-01-06 22:00:00,47.92,0.0
23,45.36,0.0,0.0,20.0,2024-01-06 23:00:00,45.36,0.0
0,23.18,4.4444444,0.0,54.0,2024-01-07 00:00:00,23.18,6680.295508288
1,26.98,0.0,0.0,54.0,2024-01-07 01:00:00,26.98,0.0
2,28.89,0.0,0.0,54.0,2024-01-07 02:00:00,28.89,0.0
3,-10.35,20.0,0.0,72.0,2024-01-07 03:00:00,-10.35,0.0
4,21.21,20.0,0.0,90.0,2024-01-07 04:00:00,21.21,0.0
5,37.93,0.0,0.0,90.0,2024-01-07 05:00:00,37.93,0.0
6,38.01,0.0,0.0,90.0,2024-01-07 06:00:00,38.01,0.0
7,37.67,0.0,0.0,90.0,2024-01-07 07:00:00,37.67,0.0
8,52.04,0.0,20.0,67.777778,2024-01-07 08:00:00,52.04,0.0
9,38.34,4.691358,0.0,72.0,2024-01-07 09:00:00,38.34,0.0
10,-16.37,20.0,0.0,90.0,2024-01-07 10:00:00,-16.37,0.0
11,69.16,0.0,0.0,90.0,2024-01-07 11:00:00,69.16,0.0
12,70.13,0.0,16.2,72.0,2024-01-07 12:00:00,70.13,0.0
13,52.06,20.0,0.0,90.0,2024-01-07 13:00:00,52.06,0.0
14,58.78,0.0,0.0,90.0,2024-01-07 14:00:00,58.78,0.0
15,77.14,0.0,0.0,90.0,2024-01-07 15:00:00,77.14,0.0
16,74.22,0.0,0.0,90.0,2024-01-07 16:00:00,74.22,0.0
17,93.41,0.0,20.0,67.777778,2024-01-07 17:00:00,93.41,0.0
18,103.7,0.0,20.0,45.555556,2024-01-07 18:00:00,103.7,0.0
19,93.84,0.0,20.0,23.333333,2024-01-07 19:00:00,93.84,0.0
20,91.65,0.0,3.0,20.0,2024-01-07 20:00:00,91.65,0.0
21,55.5,0.0,0.0,20.0,2024-01-07 21:00:00,55.5,0.0
22,53.61,0.0,0.0,20.0,2024-01-07 22:00:00,53.61,0.0
23,37.66,0.0,0.0,20.0,2024-01-07 23:00:00,37.66,0.0
0,34.52,0.0,0.0,50.0,2024-01-08 00:00:00,34.52,6067.323556996001
1,25.42,20.0,0.0,68.0,2024-01-08 01:00:00,25.42,0.0
2,40.09,0.0,0.0,68.0,2024-01-08 02:00:00,40.09,0.0
3,38.88,0.0,0.0,68.0,2024-01-08 03:00:00,38.88,0.0
4,30.41,4.4444444,0.0,72.0,2024-01-08 04:00:00,30.41,0.0
5,28.25,20.0,0.0,90.0,2024-01-08 05:00:00,28.25,0.0
6,32.93,0.0,0.0,90.0,2024-01-08 06:00:00,32.93,0.0
7,50.17,0.0,0.0,90.0,2024-01-08 07:00:00,50.17,0.0
8,61.74,0.0,0.0,90.0,2024-01-08 08:00:00,61.74,0.0
9,79.14,0.0,16.2,72.0,2024-01-08 09:00:00,79.14,0.0
10,62.64,0.0,0.0,72.0,2024-01-08 10:00:00,62.64,0.0
11,50.99,20.0,0.0,90.0,2024-01-08 11:00:00,50.99,0.0
12,66.15,0.0,0.0,90.0,2024-01-08 12:00:00,66.15,0.0
13,82.69,0.0,0.0,90.0,2024-01-08 13:00:00,82.69,0.0
14,65.02,0.0,0.0,90.0,2024-01-08 14:00:00,65.02,0.0
15,92.9,0.0,3.0,86.666667,2024-01-08 15:00:00,92.9,0.0
16,90.77,0.0,0.0,86.666667,2024-01-08 16:00:00,90.77,0.0
17,108.61,0.0,20.0,64.444444,2024-01-08 17:00:00,108.61,0.0
18,135.44,0.0,20.0,42.222222,2024-01-08 18:00:00,135.44,0.0
19,90.33,0.0,0.0,42.222222,2024-01-08 19:00:00,90.33,0.0
20,107.06,0.0,20.0,20.0,2024-01-08 20:00:00,107.06,0.0
21,75.5,0.0,0.0,20.0,2024-01-08 21:00:00,75.5,0.0
22,50.83,0.0,0.0,20.0,2024-01-08 22:00:00,50.83,0.0
23,48.96,0.0,0.0,20.0,2024-01-08 23:00:00,48.96,0.0
0,59.06,0.0,20.0,27.777778,2024-01-09 00:00:00,59.06,8046.974
1,53.78,0.0,0.0,27.777778,2024-01-09 01:00:00,53.78,0.0
2,15.12,20.0,0.0,45.777778,2024-01-09 02:00:00,15.12,0.0
3,32.51,20.0,0.0,63.777778,2024-01-09 03:00:00,32.51,0.0
4,49.83,0.0,0.0,63.777778,2024-01-09 04:00:00,49.83,0.0
5,46.0,0.0,0.0,63.777778,2024-01-09 05:00:00,46.0,0.0
6,54.03,0.0,8.8,54.0,2024-01-09 06:00:00,54.03,0.0
7,36.46,20.0,0.0,72.0,2024-01-09 07:00:00,36.46,0.0
8,45.29,0.0,0.0,72.0,2024-01-09 08:00:00,45.29,0.0
9,44.93,0.0,0.0,72.0,2024-01-09 09:00:00,44.93,0.0
10,39.63,20.0,0.0,90.0,2024-01-09 10:00:00,39.63,0.0
11,55.85,0.0,0.0,90.0,2024-01-09 11:00:00,55.85,0.0
12,53.64,0.0,0.0,90.0,2024-01-09 12:00:00,53.64,0.0
13,60.85,0.0,0.0,90.0,2024-01-09 13:00:00,60.85,0.0
14,65.33,0.0,0.0,90.0,2024-01-09 14:00:00,65.33,0.0
15,93.6,0.0,16.2,72.0,2024-01-09 15:00:00,93.6,0.0
16,-29.52,20.0,0.0,90.0,2024-01-09 16:00:00,-29.52,0.0
17,118.96,0.0,20.0,67.777778,2024-01-09 17:00:00,118.96,0.0
18,106.44,0.0,20.0,45.555556,2024-01-09 18:00:00,106.44,0.0
19,117.77,0.0,20.0,23.333333,2024-01-09 19:00:00,117.77,0.0
20,103.53,0.0,3.0,20.0,2024-01-09 20:00:00,103.53,0.0
21,70.04,0.0,0.0,20.0,2024-01-09 21:00:00,70.04,0.0
22,61.92,0.0,0.0,20.0,2024-01-09 22:00:00,61.92,0.0
23,45.47,0.0,0.0,20.0,2024-01-09 23:00:00,45.47,0.0
0,46.72,20.0,0.0,68.0,2024-01-10 00:00:00,46.72,9502.049504650002
1,246.25,0.0,20.0,45.777778,2024-01-10 01:00:00,246.25,0.0
2,28.47,20.0,0.0,63.777778,2024-01-10 02:00:00,28.47,0.0
3,39.13,20.0,0.0,81.777778,2024-01-10 03:00:00,39.13,0.0
4,47.34,9.1358025,0.0,90.0,2024-01-10 04:00:00,47.34,0.0
5,69.53,0.0,20.0,67.777778,2024-01-10 05:00:00,69.53,0.0
6,53.51,0.0,0.0,67.777778,2024-01-10 06:00:00,53.51,0.0
7,53.16,0.0,0.0,67.777778,2024-01-10 07:00:00,53.16,0.0
8,63.75,0.0,12.4,54.0,2024-01-10 08:00:00,63.75,0.0
9,47.98,20.0,0.0,72.0,2024-01-10 09:00:00,47.98,0.0
10,38.33,20.0,0.0,90.0,2024-01-10 10:00:00,38.33,0.0
11,60.92,0.0,0.0,90.0,2024-01-10 11:00:00,60.92,0.0
12,83.91,0.0,0.0,90.0,2024-01-10 12:00:00,83.91,0.0
13,87.16,0.0,16.2,72.0,2024-01-10 13:00:00,87.16,0.0
14,54.68,20.0,0.0,90.0,2024-01-10 14:00:00,54.68,0.0
15,87.59,0.0,16.2,72.0,2024-01-10 15:00:00,87.59,0.0
16,62.31,20.0,0.0,90.0,2024-01-10 16:00:00,62.31,0.0
17,105.9,0.0,20.0,67.777778,2024-01-10 17:00:00,105.9,0.0
18,117.53,0.0,20.0,45.555556,2024-01-10 18:00:00,117.53,0.0
19,89.06,0.0,0.0,45.555556,2024-01-10 19:00:00,89.06,0.0
20,108.29,0.0,20.0,23.333333,2024-01-10 20:00:00,108.29,0.0
21,103.12,0.0,3.0,20.0,2024-01-10 21:00:00,103.12,0.0
22,64.95,0.0,0.0,20.0,2024-01-10 22:00:00,64.95,0.0
23,51.46,0.0,0.0,20.0,2024-01-10 23:00:00,51.46,0.0
0,60.12,0.0,12.6,36.0,2024-01-11 00:00:00,60.12,5680.652
1,26.2,20.0,0.0,54.0,2024-01-11 01:00:00,26.2,0.0
2,26.25,20.0,0.0,72.0,2024-01-11 02:00:00,26.25,0.0
3,30.8,20.0,0.0,90.0,2024-01-11 03:00:00,30.8,0.0
4,45.3,0.0,0.0,90.0,2024-01-11 04:00:00,45.3,0.0
5,51.09,0.0,0.0,90.0,2024-01-11 05:00:00,51.09,0.0
6,47.38,0.0,0.0,90.0,2024-01-11 06:00:00,47.38,0.0
7,50.03,0.0,0.0,90.0,2024-01-11 07:00:00,50.03,0.0
8,53.2,0.0,0.0,90.0,2024-01-11 08:00:00,53.2,0.0
9,54.79,0.0,0.0,90.0,2024-01-11 09:00:00,54.79,0.0
10,48.81,0.0,0.0,90.0,2024-01-11 10:00:00,48.81,0.0
11,60.89,0.0,0.0,90.0,2024-01-11 11:00:00,60.89,0.0
12,48.12,0.0,0.0,90.0,2024-01-11 12:00:00,48.12,0.0
13,67.06,0.0,0.0,90.0,2024-01-11 13:00:00,67.06,0.0
14,51.55,0.0,0.0,90.0,2024-01-11 14:00:00,51.55,0.0
15,91.38,0.0,0.0,90.0,2024-01-11 15:00:00,91.38,0.0
16,82.04,0.0,0.0,90.0,2024-01-11 16:00:00,82.04,0.0
17,98.98,0.0,3.0,86.666667,2024-01-11 17:00:00,98.98,0.0
18,107.49,0.0,20.0,64.444444,2024-01-11 18:00:00,107.49,0.0
19,106.68,0.0,20.0,42.222222,2024-01-11 19:00:00,106.68,0.0
20,113.95,0.0,20.0,20.0,2024-01-11 20:00:00,113.95,0.0
21,66.71,0.0,0.0,20.0,2024-01-11 21:00:00,66.71,0.0
22,42.47,0.0,0.0,20.0,2024-01-11 22:00:00,42.47,0.0
23,54.14,0.0,0.0,20.0,2024-01-11 23:00:00,54.14,0.0
0,36.71,20.0,0.0,68.0,2024-01-12 00:00:00,36.71,5700.431999999999
1,43.43,0.0,0.0,68.0,2024-01-12 01:00:00,43.43,0.0
2,48.48,0.0,0.0,68.0,2024-01-12 02:00:00,48.48,0.0
3,25.02,20.0,0.0,86.0,2024-01-12 03:00:00,25.02,0.0
4,51.87,0.0,12.6,72.0,2024-01-12 04:00:00,51.87,0.0
5,35.44,20.0,0.0,90.0,2024-01-12 05:00:00,35.44,0.0
6,55.0,0.0,16.2,72.0,2024-01-12 06:00:00,55.0,0.0
7,38.93,20.0,0.0,90.0,2024-01-12 07:00:00,38.93,0.0
8,60.95,0.0,0.0,90.0,2024-01-12 08:00:00,60.95,0.0
9,61.95,0.0,0.0,90.0,2024-01-12 09:00:00,61.95,0.0
10,48.53,0.0,0.0,90.0,2024-01-12 10:00:00,48.53,0.0
11,53.72,0.0,0.0,90.0,2024-01-12 11:00:00,53.72,0.0
12,79.42,0.0,0.0,90.0,2024-01-12 12:00:00,79.42,0.0
13,71.68,0.0,0.0,90.0,2024-01-12 13:00:00,71.68,0.0
14,91.27,0.0,0.0,90.0,2024-01-12 14:00:00,91.27,0.0
15,76.83,0.0,0.0,90.0,2024-01-12 15:00:00,76.83,0.0
16,104.25,0.0,20.0,67.777778,2024-01-12 16:00:00,104.25,0.0
17,89.52,0.0,0.0,67.777778,2024-01-12 17:00:00,89.52,0.0
18,131.46,0.0,20.0,45.555556,2024-01-12 18:00:00,131.46,0.0
19,109.81,0.0,20.0,23.333333,2024-01-12 19:00:00,109.81,0.0
20,103.69,0.0,3.0,20.0,2024-01-12 20:00:00,103.69,0.0
21,68.51,0.0,0.0,20.0,2024-01-12 21:00:00,68.51,0.0
22,75.9,0.0,0.0,20.0,2024-01-12 22:00:00,75.9,0.0
23,62.23,0.0,0.0,20.0,2024-01-12 23:00:00,62.23,0.0
0,27.8,0.0,12.6,36.0,2024-01-13 00:00:00,27.8,6176.089507399999
1,5.27,20.0,0.0,54.0,2024-01-13 01:00:00,5.27,0.0
2,14.45,20.0,0.0,72.0,2024-01-13 02:00:00,14.45,0.0
3,15.6,20.0,0.0,90.0,2024-01-13 03:00:00,15.6,0.0
4,36.82,0.0,0.0,90.0,2024-01-13 04:00:00,36.82,0.0
5,31.49,0.0,0.0,90.0,2024-01-13 05:00:00,31.49,0.0
6,35.95,0.0,0.0,90.0,2024-01-13 06:00:00,35.95,0.0
7,36.88,0.0,0.0,90.0,2024-01-13 07:00:00,36.88,0.0
8,64.01,0.0,20.0,67.777778,2024-01-13 08:00:00,64.01,0.0
9,50.27,0.0,0.0,67.777778,2024-01-13 09:00:00,50.27,0.0
10,55.87,0.0,0.0,67.777778,2024-01-13 10:00:00,55.87,0.0
11,45.66,20.0,0.0,85.777778,2024-01-13 11:00:00,45.66,0.0
12,60.92,0.0,0.0,85.777778,2024-01-13 12:00:00,60.92,0.0
13,47.7,4.691358,0.0,90.0,2024-01-13 13:00:00,47.7,0.0
14,70.91,0.0,0.0,90.0,2024-01-13 14:00:00,70.91,0.0
15,58.55,0.0,0.0,90.0,2024-01-13 15:00:00,58.55,0.0
16,87.39,0.0,3.0,86.666667,2024-01-13 16:00:00,87.39,0.0
17,84.02,0.0,0.0,86.666667,2024-01-13 17:00:00,84.02,0.0
18,113.85,0.0,20.0,64.444444,2024-01-13 18:00:00,113.85,0.0
19,122.37,0.0,20.0,42.222222,2024-01-13 19:00:00,122.37,0.0
20,88.15,0.0,20.0,20.0,2024-01-13 20:00:00,88.15,0.0
21,87.2,0.0,0.0,20.0,2024-01-13 21:00:00,87.2,0.0
22,59.18,0.0,0.0,20.0,2024-01-13 22:00:00,59.18,0.0
23,21.08,0.0,0.0,20.0,2024-01-13 23:00:00,21.08,0.0
0,37.64,0.0,0.0,50.0,2024-01-14 00:00:00,37.64,9570.87874204
1,35.52,0.0,0.0,50.0,2024-01-14 01:00:00,35.52,0.0
2,35.98,0.0,0.0,50.0,2024-01-14 02:00:00,35.98,0.0
3,31.76,20.0,0.0,68.0,2024-01-14 03:00:00,31.76,0.0
4,37.1,0.0,0.0,68.0,2024-01-14 04:00:00,37.1,0.0
5,37.95,0.0,0.0,68.0,2024-01-14 05:00:00,37.95,0.0
6,46.28,0.0,12.6,54.0,2024-01-14 06:00:00,46.28,0.0
7,30.6,20.0,0.0,72.0,2024-01-14 07:00:00,30.6,0.0
8,46.23,0.0,0.0,72.0,2024-01-14 08:00:00,46.23,0.0
9,32.75,20.0,0.0,90.0,2024-01-14 09:00:00,32.75,0.0
10,293.45,0.0,20.0,67.777778,2024-01-14 10:00:00,293.45,0.0
11,50.62,4.691358,0.0,72.0,2024-01-14 11:00:00,50.62,0.0
12,52.6,0.0,0.0,72.0,2024-01-14 12:00:00,52.6,0.0
13,48.25,20.0,0.0,90.0,2024-01-14 13:00:00,48.25,0.0
14,71.18,0.0,0.0,90.0,2024-01-14 14:00:00,71.18,0.0
15,67.5,0.0,0.0,90.0,2024-01-14 15:00:00,67.5,0.0
16,73.17,0.0,0.0,90.0,2024-01-14 16:00:00,73.17,0.0
17,71.54,0.0,0.0,90.0,2024-01-14 17:00:00,71.54,0.0
18,101.76,0.0,20.0,67.777778,2024-01-14 18:00:00,101.76,0.0
19,113.72,0.0,20.0,45.555556,2024-01-14 19:00:00,113.72,0.0
20,102.61,0.0,20.0,23.333333,2024-01-14 20:00:00,102.61,0.0
21,74.07,0.0,3.0,20.0,2024-01-14 21:00:00,74.07,0.0
22,54.12,0.0,0.0,20.0,2024-01-14 22:00:00,54.12,0.0
23,49.8,0.0,0.0,20.0,2024-01-14 23:00:00,49.8,0.0
0,36.23,20.0,0.0,68.0,2024-01-15 00:00:00,36.23,5246.696890707999
1,38.93,4.4444444,0.0,72.0,2024-01-15 01:00:00,38.93,0.0
2,33.13,20.0,0.0,90.0,2024-01-15 02:00:00,33.13,0.0
3,53.3,0.0,0.0,90.0,2024-01-15 03:00:00,53.3,0.0
4,54.59,0.0,0.0,90.0,2024-01-15 04:00:00,54.59,0.0
5,50.14,0.0,0.0,90.0,2024-01-15 05:00:00,50.14,0.0
6,76.99,0.0,16.2,72.0,2024-01-15 06:00:00,76.99,0.0
7,61.03,0.0,0.0,72.0,2024-01-15 07:00:00,61.03,0.0
8,67.8,0.0,0.0,72.0,2024-01-15 08:00:00,67.8,0.0
9,62.95,0.0,0.0,72.0,2024-01-15 09:00:00,62.95,0.0
10,53.35,20.0,0.0,90.0,2024-01-15 10:00:00,53.35,0.0
11,58.97,0.0,0.0,90.0,2024-01-15 11:00:00,58.97,0.0
12,71.21,0.0,0.0,90.0,2024-01-15 12:00:00,71.21,0.0
13,73.26,0.0,0.0,90.0,2024-01-15 13:00:00,73.26,0.0
14,91.59,0.0,0.0,90.0,2024-01-15 14:00:00,91.59,0.0
15,77.43,0.0,0.0,90.0,2024-01-15 15:00:00,77.43,0.0
16,92.79,0.0,3.0,86.666667,2024-01-15 16:00:00,92.79,0.0
17,103.01,0.0,20.0,64.444444,2024-01-15 17:00:00,103.01,0.0
18,116.6,0.0,20.0,42.222222,2024-01-15 18:00:00,116.6,0.0
19,112.17,0.0,20.0,20.0,2024-01-15 19:00:00,112.17,0.0
20,85.36,0.0,0.0,20.0,2024-01-15 20:00:00,85.36,0.0
21,57.31,0.0,0.0,20.0,2024-01-15 21:00:00,57.31,0.0
22,57.79,0.0,0.0,20.0,2024-01-15 22:00:00,57.79,0.0
23,49.07,0.0,0.0,20.0,2024-01-15 23:00:00,49.07,0.0
0,31.34,20.0,0.0,68.0,2024-01-16 00:00:00,31.34,5685.914002272
1,43.94,20.0,0.0,86.0,2024-01-16 01:00:00,43.94,0.0
2,55.31,0.0,0.0,86.0,2024-01-16 02:00:00,55.31,0.0
3,53.03,0.0,0.0,86.0,2024-01-16 03:00:00,53.03,0.0
4,52.08,0.0,0.0,86.0,2024-01-16 04:00:00,52.08,0.0
5,61.44,0.0,0.0,86.0,2024-01-16 05:00:00,61.44,0.0
6,49.12,4.4444444,0.0,90.0,2024-01-16 06:00:00,49.12,0.0
7,54.5,0.0,0.0,90.0,2024-01-16 07:00:00,54.5,0.0
8,68.5,0.0,0.0,90.0,2024-01-16 08:00:00,68.5,0.0
9,57.11,0.0,0.0,90.0,2024-01-16 09:00:00,57.11,0.0
10,62.59,0.0,0.0,90.0,2024-01-16 10:00:00,62.59,0.0
11,90.68,0.0,0.0,90.0,2024-01-16 11:00:00,90.68,0.0
12,71.45,0.0,0.0,90.0,2024-01-16 12:00:00,71.45,0.0
13,97.52,0.0,16.2,72.0,2024-01-16 13:00:00,97.52,0.0
14,59.25,20.0,0.0,90.0,2024-01-16 14:00:00,59.25,0.0
15,75.39,0.0,0.0,90.0,2024-01-16 15:00:00,75.39,0.0
16,102.43,0.0,3.0,86.666667,2024-01-16 16:00:00,102.43,0.0
17,105.85,0.0,20.0,64.444444,2024-01-16 17:00:00,105.85,0.0
18,89.82,0.0,0.0,64.444444,2024-01-16 18:00:00,89.82,0.0
19,110.76,0.0,20.0,42.222222,2024-01-16 19:00:00,110.76,0.0
20,133.14,0.0,20.0,20.0,2024-01-16 20:00:00,133.14,0.0
21,87.58,0.0,0.0,20.0,2024-01-16 21:00:00,87.58,0.0
22,73.54,0.0,0.0,20.0,2024-01-16 22:00:00,73.54,0.0
23,48.76,0.0,0.0,20.0,2024-01-16 23:00:00,48.76,0.0
0,45.2,4.4444444,0.0,54.0,2024-01-17 00:00:00,45.2,5824.71644804
1,45.27,0.0,0.0,54.0,2024-01-17 01:00:00,45.27,0.0
2,59.7,0.0,0.0,54.0,2024-01-17 02:00:00,59.7,0.0
3,59.77,0.0,0.0,54.0,2024-01-17 03:00:00,59.77,0.0
4,51.95,0.0,0.0,54.0,2024-01-17 04:00:00,51.95,0.0
5,52.64,0.0,0.0,54.0,2024-01-17 05:00:00,52.64,0.0
6,35.96,20.0,0.0,72.0,2024-01-17 06:00:00,35.96,0.0
7,40.56,20.0,0.0,90.0,2024-01-17 07:00:00,40.56,0.0
8,58.7,0.0,0.0,90.0,2024-01-17 08:00:00,58.7,0.0
9,74.96,0.0,0.0,90.0,2024-01-17 09:00:00,74.96,0.0
10,82.13,0.0,20.0,67.777778,2024-01-17 10:00:00,82.13,0.0
11,58.66,4.691358,0.0,72.0,2024-01-17 11:00:00,58.66,0.0
12,52.65,20.0,0.0,90.0,2024-01-17 12:00:00,52.65,0.0
13,90.51,0.0,16.2,72.0,2024-01-17 13:00:00,90.51,0.0
14,71.44,0.0,0.0,72.0,2024-01-17 14:00:00,71.44,0.0
15,65.4,20.0,0.0,90.0,2024-01-17 15:00:00,65.4,0.0
16,84.33,0.0,0.0,90.0,2024-01-17 16:00:00,84.33,0.0
17,100.87,0.0,3.0,86.666667,2024-01-17 17:00:00,100.87,0.0
18,130.75,0.0,20.0,64.444444,2024-01-17 18:00:00,130.75,0.0
19,124.91,0.0,20.0,42.222222,2024-01-17 19:00:00,124.91,0.0
20,94.71,0.0,0.0,42.222222,2024-01-17 20:00:00,94.71,0.0
21,102.21,0.0,20.0,20.0,2024-01-17 21:00:00,102.21,0.0
22,67.17,0.0,0.0,20.0,2024-01-17 22:00:00,67.17,0.0
23,67.81,0.0,0.0,20.0,2024-01-17 23:00:00,67.81,0.0
0,63.9,0.0,0.0,50.0,2024-01-18 00:00:00,63.9,6365.598224652
1,41.44,20.0,0.0,68.0,2024-01-18 01:00:00,41.44,0.0
2,52.67,4.4444444,0.0,72.0,2024-01-18 02:00:00,52.67,0.0
3,39.37,20.0,0.0,90.0,2024-01-18 03:00:00,39.37,0.0
4,56.17,0.0,0.0,90.0,2024-01-18 04:00:00,56.17,0.0
5,58.72,0.0,0.0,90.0,2024-01-18 05:00:00,58.72,0.0
6,68.69,0.0,0.0,90.0,2024-01-18 06:00:00,68.69,0.0
7,80.38,0.0,16.2,72.0,2024-01-18 07:00:00,80.38,0.0
8,67.59,0.0,0.0,72.0,2024-01-18 08:00:00,67.59,0.0
9,64.9,0.0,0.0,72.0,2024-01-18 09:00:00,64.9,0.0
10,69.99,0.0,0.0,72.0,2024-01-18 10:00:00,69.99,0.0
11,34.35,20.0,0.0,90.0,2024-01-18 11:00:00,34.35,0.0
12,66.55,0.0,0.0,90.0,2024-01-18 12:00:00,66.55,0.0
13,91.72,0.0,0.0,90.0,2024-01-18 13:00:00,91.72,0.0
14,94.81,0.0,0.0,90.0,2024-01-18 14:00:00,94.81,0.0
15,78.75,0.0,0.0,90.0,2024-01-18 15:00:00,78.75,0.0
16,99.57,0.0,0.0,90.0,2024-01-18 16:00:00,99.57,0.0
17,106.74,0.0,3.0,86.666667,2024-01-18 17:00:00,106.74,0.0
18,123.38,0.0,20.0,64.444444,2024-01-18 18:00:00,123.38,0.0
19,143.16,0.0,20.0,42.222222,2024-01-18 19:00:00,143.16,0.0
20,111.85,0.0,20.0,20.0,2024-01-18 20:00:00,111.85,0.0
21,74.13,0.0,0.0,20.0,2024-01-18 21:00:00,74.13,0.0
22,67.65,0.0,0.0,20.0,2024-01-18 22:00:00,67.65,0.0
23,71.75,0.0,0.0,20.0,2024-01-18 23:00:00,71.75,0.0
0,27.16,20.0,0.0,68.0,2024-01-19 00:00:00,27.16,5582.629999999999
1,41.02,20.0,0.0,86.0,2024-01-19 01:00:00,41.02,0.0
2,52.72,0.0,0.0,86.0,2024-01-19 02:00:00,52.72,0.0
3,60.09,0.0,12.6,72.0,2024-01-19 03:00:00,60.09,0.0
4,56.26,0.0,0.0,72.0,2024-01-19 04:00:00,56.26,0.0
5,42.89,20.0,0.0,90.0,2024-01-19 05:00:00,42.89,0.0
6,63.6,0.0,0.0,90.0,2024-01-19 06:00:00,63.6,0.0
7,66.44,0.0,0.0,90.0,2024-01-19 07:00:00,66.44,0.0
8,65.19,0.0,0.0,90.0,2024-01-19 08:00:00,65.19,0.0
9,62.15,0.0,0.0,90.0,2024-01-19 09:00:00,62.15,0.0
10,65.53,0.0,0.0,90.0,2024-01-19 10:00:00,65.53,0.0
11,60.59,0.0,0.0,90.0,2024-01-19 11:00:00,60.59,0.0
12,104.88,0.0,19.2,68.666667,2024-01-19 12:00:00,104.88,0.0
13,80.04,20.0,0.0,86.666667,2024-01-19 13:00:00,80.04,0.0
14,86.86,0.0,0.0,86.666667,2024-01-19 14:00:00,86.86,0.0
15,81.93,0.0,0.0,86.666667,2024-01-19 15:00:00,81.93,0.0
16,106.07,0.0,20.0,64.444444,2024-01-19 16:00:00,106.07,0.0
17,89.73,0.0,0.0,64.444444,2024-01-19 17:00:00,89.73,0.0
18,98.0,0.0,0.0,64.444444,2024-01-19 18:00:00,98.0,0.0
19,113.57,0.0,20.0,42.222222,2024-01-19 19:00:00,113.57,0.0
20,129.24,0.0,20.0,20.0,2024-01-19 20:00:00,129.24,0.0
21,100.23,0.0,0.0,20.0,2024-01-19 21:00:00,100.23,0.0
22,61.77,0.0,0.0,20.0,2024-01-19 22:00:00,61.77,0.0
23,61.02,0.0,0.0,20.0,2024-01-19 23:00:00,61.02,0.0
0,27.83,20.0,0.0,68.0,2024-01-20 00:00:00,27.83,5677.359310080001
1,39.7,0.0,0.0,68.0,2024-01-20 01:00:00,39.7,0.0
2,37.84,0.0,0.0,68.0,2024-01-20 02:00:00,37.84,0.0
3,45.94,0.0,12.6,54.0,2024-01-20 03:00:00,45.94,0.0
4,18.83,20.0,0.0,72.0,2024-01-20 04:00:00,18.83,0.0
5,27.09,20.0,0.0,90.0,2024-01-20 05:00:00,27.09,0.0
6,48.83,0.0,0.0,90.0,2024-01-20 06:00:00,48.83,0.0
7,38.23,0.0,0.0,90.0,2024-01-20 07:00:00,38.23,0.0
8,38.26,0.0,0.0,90.0,2024-01-20 08:00:00,38.26,0.0
9,54.24,0.0,0.0,90.0,2024-01-20 09:00:00,54.24,0.0
10,44.5,0.0,0.0,90.0,2024-01-20 10:00:00,44.5,0.0
11,84.59,0.0,20.0,67.777778,2024-01-20 11:00:00,84.59,0.0
12,53.26,20.0,0.0,85.777778,2024-01-20 12:00:00,53.26,0.0
13,63.52,0.0,0.0,85.777778,2024-01-20 13:00:00,63.52,0.0
14,73.63,0.0,0.0,85.777778,2024-01-20 14:00:00,73.63,0.0
15,56.24,4.691358,0.0,90.0,2024-01-20 15:00:00,56.24,0.0
16,89.94,0.0,0.0,90.0,2024-01-20 16:00:00,89.94,0.0
17,103.33,0.0,20.0,67.777778,2024-01-20 17:00:00,103.33,0.0
18,101.93,0.0,20.0,45.555556,2024-01-20 18:00:00,101.93,0.0
19,108.64,0.0,20.0,23.333333,2024-01-20 19:00:00,108.64,0.0
20,97.78,0.0,3.0,20.0,2024-01-20 20:00:00,97.78,0.0
21,88.64,0.0,0.0,20.0,2024-01-20 21:00:00,88.64,0.0
22,91.26,0.0,0.0,20.0,2024-01-20 22:00:00,91.26,0.0
23,33.26,0.0,0.0,20.0,2024-01-20 23:00:00,33.26,0.0
0,19.17,20.0,0.0,68.0,2024-01-21 00:00:00,19.17,7750.3526682799975
1,34.3,4.4444444,0.0,72.0,2024-01-21 01:00:00,34.3,0.0
2,7.11,20.0,0.0,90.0,2024-01-21 02:00:00,7.11,0.0
3,43.59,0.0,0.0,90.0,2024-01-21 03:00:00,43.59,0.0
4,39.04,0.0,0.0,90.0,2024-01-21 04:00:00,39.04,0.0
5,141.4,0.0,20.0,67.777778,2024-01-21 05:00:00,141.4,0.0
6,41.86,20.0,0.0,85.777778,2024-01-21 06:00:00,41.86,0.0
7,54.42,0.0,0.0,85.777778,2024-01-21 07:00:00,54.42,0.0
8,56.41,0.0,0.0,85.777778,2024-01-21 08:00:00,56.41,0.0
9,59.53,0.0,12.4,72.0,2024-01-21 09:00:00,59.53,0.0
10,39.12,20.0,0.0,90.0,2024-01-21 10:00:00,39.12,0.0
11,64.01,0.0,0.0,90.0,2024-01-21 11:00:00,64.01,0.0
12,87.9,0.0,0.0,90.0,2024-01-21 12:00:00,87.9,0.0
13,67.77,0.0,0.0,90.0,2024-01-21 13:00:00,67.77,0.0
14,71.38,0.0,0.0,90.0,2024-01-21 14:00:00,71.38,0.0
15,95.57,0.0,16.2,72.0,2024-01-21 15:00:00,95.57,0.0
16,73.08,20.0,0.0,90.0,2024-01-21 16:00:00,73.08,0.0
17,109.88,0.0,20.0,67.777778,2024-01-21 17:00:00,109.88,0.0
18,100.56,0.0,3.0,64.444444,2024-01-21 18:00:00,100.56,0.0
19,113.24,0.0,20.0,42.222222,2024-01-21 19:00:00,113.24,0.0
20,103.16,0.0,20.0,20.0,2024-01-21 20:00:00,103.16,0.0
21,75.17,0.0,0.0,20.0,2024-01-21 21:00:00,75.17,0.0
22,55.39,0.0,0.0,20.0,2024-01-21 22:00:00,55.39,0.0
23,59.67,0.0,0.0,20.0,2024-01-21 23:00:00,59.67,0.0
0,26.45,20.0,0.0,68.0,2024-01-22 00:00:00,26.45,6098.462446388001
1,41.73,4.4444444,0.0,72.0,2024-01-22 01:00:00,41.73,0.0
2,52.91,0.0,0.0,72.0,2024-01-22 02:00:00,52.91,0.0
3,43.22,0.0,0.0,72.0,2024-01-22 03:00:00,43.22,0.0
4,49.48,0.0,0.0,72.0,2024-01-22 04:00:00,49.48,0.0
5,28.66,20.0,0.0,90.0,2024-01-22 05:00:00,28.66,0.0
6,49.07,0.0,0.0,90.0,2024-01-22 06:00:00,49.07,0.0
7,67.49,0.0,0.0,90.0,2024-01-22 07:00:00,67.49,0.0
8,55.18,0.0,0.0,90.0,2024-01-22 08:00:00,55.18,0.0
9,52.35,0.0,0.0,90.0,2024-01-22 09:00:00,52.35,0.0
10,79.57,0.0,0.0,90.0,2024-01-22 10:00:00,79.57,0.0
11,79.15,0.0,0.0,90.0,2024-01-22 11:00:00,79.15,0.0
12,62.88,0.0,0.0,90.0,2024-01-22 12:00:00,62.88,0.0
13,81.08,0.0,0.0,90.0,2024-01-22 13:00:00,81.08,0.0
14,71.22,0.0,0.0,90.0,2024-01-22 14:00:00,71.22,0.0
15,85.31,0.0,0.0,90.0,2024-01-22 15:00:00,85.31,0.0
16,95.63,0.0,0.0,90.0,2024-01-22 16:00:00,95.63,0.0
17,96.97,0.0,3.0,86.666667,2024-01-22 17:00:00,96.97,0.0
18,124.63,0.0,20.0,64.444444,2024-01-22 18:00:00,124.63,0.0
19,126.17,0.0,20.0,42.222222,2024-01-22 19:00:00,126.17,0.0
20,107.28,0.0,20.0,20.0,2024-01-22 20:00:00,107.28,0.0
21,91.7,0.0,0.0,20.0,2024-01-22 21:00:00,91.7,0.0
22,49.98,20.0,0.0,38.0,2024-01-22 22:00:00,49.98,0.0
23,75.34,0.0,16.2,20.0,2024-01-22 23:00:00,75.34,0.0
0,47.37,4.4444444,0.0,54.0,2024-01-23 00:00:00,47.37,5794.927658171999
1,36.31,20.0,0.0,72.0,2024-01-23 01:00:00,36.31,0.0
2,49.68,0.0,0.0,72.0,2024-01-23 02:00:00,49.68,0.0
3,55.6,0.0,0.0,72.0,2024-01-23 03:00:00,55.6,0.0
4,57.85,0.0,0.0,72.0,2024-01-23 04:00:00,57.85,0.0
5,39.21,20.0,0.0,90.0,2024-01-23 05:00:00,39.21,0.0
6,71.01,0.0,0.0,90.0,2024-01-23 06:00:00,71.01,0.0
7,60.64,0.0,0.0,90.0,2024-01-23 07:00:00,60.64,0.0
8,68.83,0.0,0.0,90.0,2024-01-23 08:00:00,68.83,0.0
9,59.77,0.0,0.0,90.0,2024-01-23 09:00:00,59.77,0.0
10,83.57,0.0,0.0,90.0,2024-01-23 10:00:00,83.57,0.0
11,73.97,0.0,0.0,90.0,2024-01-23 11:00:00,73.97,0.0
12,89.97,0.0,20.0,67.777778,2024-01-23 12:00:00,89.97,0.0
13,60.15,20.0,0.0,85.777778,2024-01-23 13:00:00,60.15,0.0
14,65.1,4.691358,0.0,90.0,2024-01-23 14:00:00,65.1,0.0
15,86.53,0.0,0.0,90.0,2024-01-23 15:00:00,86.53,0.0
16,112.31,0.0,20.0,67.777778,2024-01-23 16:00:00,112.31,0.0
17,130.21,0.0,20.0,45.555556,2024-01-23 17:00:00,130.21,0.0
18,105.78,0.0,0.0,45.555556,2024-01-23 18:00:00,105.78,0.0
19,117.74,0.0,20.0,23.333333,2024-01-23 19:00:00,117.74,0.0
20,107.98,0.0,3.0,20.0,2024-01-23 20:00:00,107.98,0.0
21,97.18,0.0,0.0,20.0,2024-01-23 21:00:00,97.18,0.0
22,82.13,0.0,0.0,20.0,2024-01-23 22:00:00,82.13,0.0
23,42.27,0.0,0.0,20.0,2024-01-23 23:00:00,42.27,0.0
0,49.44,0.0,0.0,50.0,2024-01-24 00:00:00,49.44,6302.47
1,24.77,20.0,0.0,68.0,2024-01-24 01:00:00,24.77,0.0
2,57.21,0.0,12.6,54.0,2024-01-24 02:00:00,57.21,0.0
3,42.31,20.0,0.0,72.0,2024-01-24 03:00:00,42.31,0.0
4,36.98,20.0,0.0,90.0,2024-01-24 04:00:00,36.98,0.0
5,59.42,0.0,0.0,90.0,2024-01-24 05:00:00,59.42,0.0
6,53.3,0.0,0.0,90.0,2024-01-24 06:00:00,53.3,0.0
7,77.31,0.0,16.2,72.0,2024-01-24 07:00:00,77.31,0.0
8,51.37,20.0,0.0,90.0,2024-01-24 08:00:00,51.37,0.0
9,92.27,0.0,16.2,72.0,2024-01-24 09:00:00,92.27,0.0
10,81.58,0.0,0.0,72.0,2024-01-24 10:00:00,81.58,0.0
11,89.36,0.0,0.0,72.0,2024-01-24 11:00:00,89.36,0.0
12,64.78,20.0,0.0,90.0,2024-01-24 12:00:00,64.78,0.0
13,102.04,0.0,16.2,72.0,2024-01-24 13:00:00,102.04,0.0
14,66.32,20.0,0.0,90.0,2024-01-24 14:00:00,66.32,0.0
15,85.11,0.0,0.0,90.0,2024-01-24 15:00:00,85.11,0.0
16,110.06,0.0,3.0,86.666667,2024-01-24 16:00:00,110.06,0.0
17,110.89,0.0,20.0,64.444444,2024-01-24 17:00:00,110.89,0.0
18,101.23,0.0,0.0,64.444444,2024-01-24 18:00:00,101.23,0.0
19,129.92,0.0,20.0,42.222222,2024-01-24 19:00:00,129.92,0.0
20,112.7,0.0,20.0,20.0,2024-01-24 20:00:00,112.7,0.0
21,81.73,0.0,0.0,20.0,2024-01-24 21:00:00,81.73,0.0
22,49.74,0.0,0.0,20.0,2024-01-24 22:00:00,49.74,0.0
23,65.83,0.0,0.0,20.0,2024-01-24 23:00:00,65.83,0.0
0,45.52,4.4444444,0.0,54.0,2024-01-25 00:00:00,45.52,5727.596299951998
1,49.11,0.0,0.0,54.0,2024-01-25 01:00:00,49.11,0.0
2,27.27,20.0,0.0,72.0,2024-01-25 02:00:00,27.27,0.0
3,41.47,20.0,0.0,90.0,2024-01-25 03:00:00,41.47,0.0
4,52.85,0.0,0.0,90.0,2024-01-25 04:00:00,52.85,0.0
5,74.99,0.0,0.0,90.0,2024-01-25 05:00:00,74.99,0.0
6,58.27,0.0,0.0,90.0,2024-01-25 06:00:00,58.27,0.0
7,81.83,0.0,20.0,67.777778,2024-01-25 07:00:00,81.83,0.0
8,72.63,0.0,0.0,67.777778,2024-01-25 08:00:00,72.63,0.0
9,67.45,0.0,0.0,67.777778,2024-01-25 09:00:00,67.45,0.0
10,57.28,20.0,0.0,85.777778,2024-01-25 10:00:00,57.28,0.0
11,60.52,4.691358,0.0,90.0,2024-01-25 11:00:00,60.52,0.0
12,78.41,0.0,0.0,90.0,2024-01-25 12:00:00,78.41,0.0
13,69.75,0.0,0.0,90.0,2024-01-25 13:00:00,69.75,0.0
14,72.95,0.0,0.0,90.0,2024-01-25 14:00:00,72.95,0.0
15,87.85,0.0,0.0,90.0,2024-01-25 15:00:00,87.85,0.0
16,95.85,0.0,0.0,90.0,2024-01-25 16:00:00,95.85,0.0
17,118.24,0.0,20.0,67.777778,2024-01-25 17:00:00,118.24,0.0
18,113.8,0.0,20.0,45.555556,2024-01-25 18:00:00,113.8,0.0
19,121.99,0.0,20.0,23.333333,2024-01-25 19:00:00,121.99,0.0
20,107.1,0.0,3.0,20.0,2024-01-25 20:00:00,107.1,0.0
21,67.55,0.0,0.0,20.0,2024-01-25 21:00:00,67.55,0.0
22,70.44,0.0,0.0,20.0,2024-01-25 22:00:00,70.44,0.0
23,26.21,0.0,0.0,20.0,2024-01-25 23:00:00,26.21,0.0
0,33.3,20.0,0.0,68.0,2024-01-26 00:00:00,33.3,6135.3782458000005
1,50.57,0.0,20.0,45.777778,2024-01-26 01:00:00,50.57,0.0
2,44.95,0.0,0.0,45.777778,2024-01-26 02:00:00,44.95,0.0
3,23.95,20.0,0.0,63.777778,2024-01-26 03:00:00,23.95,0.0
4,34.08,9.1358025,0.0,72.0,2024-01-26 04:00:00,34.08,0.0
5,22.95,20.0,0.0,90.0,2024-01-26 05:00:00,22.95,0.0
6,42.74,0.0,0.0,90.0,2024-01-26 06:00:00,42.74,0.0
7,65.8,0.0,0.0,90.0,2024-01-26 07:00:00,65.8,0.0
8,56.35,0.0,0.0,90.0,2024-01-26 08:00:00,56.35,0.0
9,68.5,0.0,0.0,90.0,2024-01-26 09:00:00,68.5,0.0
10,71.32,0.0,0.0,90.0,2024-01-26 10:00:00,71.32,0.0
11,75.42,0.0,0.0,90.0,2024-01-26 11:00:00,75.42,0.0
12,87.45,0.0,0.0,90.0,2024-01-26 12:00:00,87.45,0.0
13,72.69,0.0,0.0,90.0,2024-01-26 13:00:00,72.69,0.0
14,93.04,0.0,16.2,72.0,2024-01-26 14:00:00,93.04,0.0
15,57.85,20.0,0.0,90.0,2024-01-26 15:00:00,57.85,0.0
16,106.05,0.0,3.0,86.666667,2024-01-26 16:00:00,106.05,0.0
17,93.0,0.0,0.0,86.666667,2024-01-26 17:00:00,93.0,0.0
18,107.81,0.0,20.0,64.444444,2024-01-26 18:00:00,107.81,0.0
19,110.87,0.0,20.0,42.222222,2024-01-26 19:00:00,110.87,0.0
20,118.7,0.0,20.0,20.0,2024-01-26 20:00:00,118.7,0.0
21,75.22,0.0,0.0,20.0,2024-01-26 21:00:00,75.22,0.0
22,64.73,0.0,0.0,20.0,2024-01-26 22:00:00,64.73,0.0
23,46.16,0.0,0.0,20.0,2024-01-26 23:00:00,46.16,0.0
0,36.66,20.0,0.0,68.0,2024-01-27 00:00:00,36.66,5067.998518334998
1,43.71,20.0,0.0,86.0,2024-01-27 01:00:00,43.71,0.0
2,51.54,0.0,0.0,86.0,2024-01-27 02:00:00,51.54,0.0
3,61.63,0.0,20.0,63.777778,2024-01-27 03:00:00,61.63,0.0
4,46.12,0.0,0.0,63.777778,2024-01-27 04:00:00,46.12,0.0
5,43.77,9.1358025,0.0,72.0,2024-01-27 05:00:00,43.77,0.0
6,31.05,20.0,0.0,90.0,2024-01-27 06:00:00,31.05,0.0
7,72.68,0.0,20.0,67.777778,2024-01-27 07:00:00,72.68,0.0
8,48.79,0.0,0.0,67.777778,2024-01-27 08:00:00,48.79,0.0
9,48.11,0.0,0.0,67.777778,2024-01-27 09:00:00,48.11,0.0
10,58.12,0.0,0.0,67.777778,2024-01-27 10:00:00,58.12,0.0
11,47.78,4.691358,0.0,72.0,2024-01-27 11:00:00,47.78,0.0
12,36.01,20.0,0.0,90.0,2024-01-27 12:00:00,36.01,0.0
13,70.13,0.0,0.0,90.0,2024-01-27 13:00:00,70.13,0.0
14,85.21,0.0,0.0,90.0,2024-01-27 14:00:00,85.21,0.0
15,81.25,0.0,0.0,90.0,2024-01-27 15:00:00,81.25,0.0
16,83.16,0.0,0.0,90.0,2024-01-27 16:00:00,83.16,0.0
17,96.66,0.0,20.0,67.777778,2024-01-27 17:00:00,96.66,0.0
18,104.49,0.0,20.0,45.555556,2024-01-27 18:00:00,104.49,0.0
19,102.55,0.0,20.0,23.333333,2024-01-27 19:00:00,102.55,0.0
20,91.36,0.0,3.0,20.0,2024-01-27 20:00:00,91.36,0.0
21,73.11,0.0,0.0,20.0,2024-01-27 21:00:00,73.11,0.0
22,74.4,0.0,0.0,20.0,2024-01-27 22:00:00,74.4,0.0
23,50.96,0.0,0.0,20.0,2024-01-27 23:00:00,50.96,0.0
0,35.75,4.4444444,0.0,54.0,2024-01-28 00:00:00,35.75,5239.0942239000005
1,40.17,0.0,0.0,54.0,2024-01-28 01:00:00,40.17,0.0
2,40.67,0.0,0.0,54.0,2024-01-28 02:00:00,40.67,0.0
3,46.13,0.0,0.0,54.0,2024-01-28 03:00:00,46.13,0.0
4,25.3,20.0,0.0,72.0,2024-01-28 04:00:00,25.3,0.0
5,34.18,20.0,0.0,90.0,2024-01-28 05:00:00,34.18,0.0
6,39.13,0.0,0.0,90.0,2024-01-28 06:00:00,39.13,0.0
7,59.2,0.0,16.2,72.0,2024-01-28 07:00:00,59.2,0.0
8,56.36,0.0,0.0,72.0,2024-01-28 08:00:00,56.36,0.0
9,36.91,20.0,0.0,90.0,2024-01-28 09:00:00,36.91,0.0
10,59.74,0.0,0.0,90.0,2024-01-28 10:00:00,59.74,0.0
11,72.95,0.0,0.0,90.0,2024-01-28 11:00:00,72.95,0.0
12,59.26,0.0,0.0,90.0,2024-01-28 12:00:00,59.26,0.0
13,70.68,0.0,0.0,90.0,2024-01-28 13:00:00,70.68,0.0
14,77.16,0.0,16.2,72.0,2024-01-28 14:00:00,77.16,0.0
15,57.13,20.0,0.0,90.0,2024-01-28 15:00:00,57.13,0.0
16,84.15,0.0,0.0,90.0,2024-01-28 16:00:00,84.15,0.0
17,106.21,0.0,20.0,67.777778,2024-01-28 17:00:00,106.21,0.0
18,100.65,0.0,20.0,45.555556,2024-01-28 18:00:00,100.65,0.0
19,110.94,0.0,20.0,23.333333,2024-01-28 19:00:00,110.94,0.0
20,87.68,0.0,3.0,20.0,2024-01-28 20:00:00,87.68,0.0
21,65.51,0.0,0.0,20.0,2024-01-28 21:00:00,65.51,0.0
22,62.43,0.0,0.0,20.0,2024-01-28 22:00:00,62.43,0.0
23,33.95,0.0,0.0,20.0,2024-01-28 23:00:00,33.95,0.0
0,37.25,20.0,0.0,68.0,2024-01-29 00:00:00,37.25,7714.2156821319995
1,41.72,4.4444444,0.0,72.0,2024-01-29 01:00:00,41.72,0.0
2,43.71,0.0,0.0,72.0,2024-01-29 02:00:00,43.71,0.0
3,41.54,20.0,0.0,90.0,2024-01-29 03:00:00,41.54,0.0
4,42.51,0.0,0.0,90.0,2024-01-29 04:00:00,42.51,0.0
5,54.37,0.0,0.0,90.0,2024-01-29 05:00:00,54.37,0.0
6,210.44,0.0,20.0,67.777778,2024-01-29 06:00:00,210.44,0.0
7,45.65,4.691358,0.0,72.0,2024-01-29 07:00:00,45.65,0.0
8,57.84,0.0,0.0,72.0,2024-01-29 08:00:00,57.84,0.0
9,41.23,20.0,0.0,90.0,2024-01-29 09:00:00,41.23,0.0
10,65.86,0.0,0.0,90.0,2024-01-29 10:00:00,65.86,0.0
11,70.6,0.0,0.0,90.0,2024-01-29 11:00:00,70.6,0.0
12,77.64,0.0,0.0,90.0,2024-01-29 12:00:00,77.64,0.0
13,77.5,0.0,0.0,90.0,2024-01-29 13:00:00,77.5,0.0
14,87.44,0.0,0.0,90.0,2024-01-29 14:00:00,87.44,0.0
15,84.37,0.0,0.0,90.0,2024-01-29 15:00:00,84.37,0.0
16,88.47,0.0,0.0,90.0,2024-01-29 16:00:00,88.47,0.0
17,90.09,0.0,3.0,86.666667,2024-01-29 17:00:00,90.09,0.0
18,112.09,0.0,20.0,64.444444,2024-01-29 18:00:00,112.09,0.0
19,102.05,0.0,20.0,42.222222,2024-01-29 19:00:00,102.05,0.0
20,102.83,0.0,20.0,20.0,2024-01-29 20:00:00,102.83,0.0
21,76.56,0.0,0.0,20.0,2024-01-29 21:00:00,76.56,0.0
22,74.34,0.0,0.0,20.0,2024-01-29 22:00:00,74.34,0.0
23,56.73,0.0,0.0,20.0,2024-01-29 23:00:00,56.73,0.0
0,50.86,0.0,0.0,50.0,2024-01-30 00:00:00,50.86,4987.522220699999
1,49.05,0.0,0.0,50.0,2024-01-30 01:00:00,49.05,0.0
2,41.59,20.0,0.0,68.0,2024-01-30 02:00:00,41.59,0.0
3,43.9,20.0,0.0,86.0,2024-01-30 03:00:00,43.9,0.0
4,53.85,0.0,0.0,86.0,2024-01-30 04:00:00,53.85,0.0
5,80.49,0.0,20.0,63.777778,2024-01-30 05:00:00,80.49,0.0
6,45.87,20.0,0.0,81.777778,2024-01-30 06:00:00,45.87,0.0
7,58.99,0.0,0.0,81.777778,2024-01-30 07:00:00,58.99,0.0
8,47.32,9.1358025,0.0,90.0,2024-01-30 08:00:00,47.32,0.0
9,64.19,0.0,0.0,90.0,2024-01-30 09:00:00,64.19,0.0
10,54.72,0.0,0.0,90.0,2024-01-30 10:00:00,54.72,0.0
11,70.73,0.0,0.0,90.0,2024-01-30 11:00:00,70.73,0.0
12,74.13,0.0,0.0,90.0,2024-01-30 12:00:00,74.13,0.0
13,70.75,0.0,0.0,90.0,2024-01-30 13:00:00,70.75,0.0
14,58.82,0.0,0.0,90.0,2024-01-30 14:00:00,58.82,0.0
15,97.82,0.0,0.0,90.0,2024-01-30 15:00:00,97.82,0.0
16,103.2,0.0,20.0,67.777778,2024-01-30 16:00:00,103.2,0.0
17,102.5,0.0,3.0,64.444444,2024-01-30 17:00:00,102.5,0.0
18,101.87,0.0,0.0,64.444444,2024-01-30 18:00:00,101.87,0.0
19,112.88,0.0,20.0,42.222222,2024-01-30 19:00:00,112.88,0.0
20,105.62,0.0,20.0,20.0,2024-01-30 20:00:00,105.62,0.0
21,94.11,0.0,0.0,20.0,2024-01-30 21:00:00,94.11,0.0
22,73.93,0.0,0.0,20.0,2024-01-30 22:00:00,73.93,0.0
23,67.73,0.0,0.0,20.0,2024-01-30 23:00:00,67.73,0.0
0,25.02,20.0,0.0,68.0,2024-01-31 00:00:00,25.02,5550.103999999999
1,38.93,20.0,0.0,86.0,2024-01-31 01:00:00,38.93,0.0
2,56.22,0.0,12.6,72.0,2024-01-31 02:00:00,56.22,0.0
3,31.41,20.0,0.0,90.0,2024-01-31 03:00:00,31.41,0.0
4,65.24,0.0,0.0,90.0,2024-01-31 04:00:00,65.24,0.0
5,72.11,0.0,16.2,72.0,2024-01-31 05:00:00,72.11,0.0
6,70.6,0.0,0.0,72.0,2024-01-31 06:00:00,70.6,0.0
7,61.62,0.0,0.0,72.0,2024-01-31 07:00:00,61.62,0.0
8,57.17,0.0,0.0,72.0,2024-01-31 08:00:00,57.17,0.0
9,66.78,0.0,0.0,72.0,2024-01-31 09:00:00,66.78,0.0
10,49.66,20.0,0.0,90.0,2024-01-31 10:00:00,49.66,0.0
11,58.86,0.0,0.0,90.0,2024-01-31 11:00:00,58.86,0.0
12,64.56,0.0,0.0,90.0,2024-01-31 12:00:00,64.56,0.0
13,74.6,0.0,0.0,90.0,2024-01-31 13:00:00,74.6,0.0
14,77.02,0.0,0.0,90.0,2024-01-31 14:00:00,77.02,0.0
15,86.93,0.0,0.0,90.0,2024-01-31 15:00:00,86.93,0.0
16,107.43,0.0,20.0,67.777778,2024-01-31 16:00:00,107.43,0.0
17,95.92,0.0,0.0,67.777778,2024-01-31 17:00:00,95.92,0.0
18,117.73,0.0,20.0,45.555556,2024-01-31 18:00:00,117.73,0.0
19,105.92,0.0,20.0,23.333333,2024-01-31 19:00:00,105.92,0.0
20,98.65,0.0,3.0,20.0,2024-01-31 20:00:00,98.65,0.0
21,91.62,0.0,0.0,20.0,2024-01-31 21:00:00,91.62,0.0
22,74.87,0.0,0.0,20.0,2024-01-31 22:00:00,74.87,0.0
23,62.9,0.0,0.0,20.0,2024-01-31 23:00:00,62.9,0.0
